Gebietsschlüssel;Gebietseinheit;Zeit;Alter von ... bis unter ... Jahren;Bevölkerung mit Migrationshintergrund 1);Bevölkerung mit Migrationshintergrund 1);Bevölkerung mit Migrationshintergrund 1);Bevölkerung mit Migrationshintergrund 1);Bevölkerung mit Migrationshintergrund 1);Bevölkerung mit Migrationshintergrund 1);Bevölkerung mit Migrationshintergrund 1);Bevölkerung mit Migrationshintergrund 1);Bevölkerung ohne Migrationshintergrund;Bevölkerung ohne Migrationshintergrund
04011;Stadt Bremen;2022-12-31;unter 6;22453;10787;8856;4267;12056;5778;1541;742;11626;5691
04011;Stadt Bremen;2022-12-31;6 - 15;29343;14166;12043;5794;14890;7197;2410;1175;17147;8390
04011;Stadt Bremen;2022-12-31;15 - 18;9107;4285;3479;1562;4855;2372;773;351;6374;3031
04011;Stadt Bremen;2022-12-31;18 - 25;20535;9058;13286;5540;6467;3132;782;386;26050;13072
04011;Stadt Bremen;2022-12-31;25 - 30;18875;8580;13131;5808;4848;2318;896;454;22366;11160
04011;Stadt Bremen;2022-12-31;30 - 50;70033;34373;42640;20806;20374;10026;7019;3541;78635;38941
04011;Stadt Bremen;2022-12-31;50 - 65;33357;16618;16876;8264;11692;5799;4789;2555;84165;42582
04011;Stadt Bremen;2022-12-31;65 oder mehr;20595;11456;8899;5027;7314;3870;4382;2559;98735;56364
04011;Stadt Bremen;2022-12-31;Insgesamt;224298;109323;119210;57068;82496;40492;22592;11763;345098;179231
040111;Mitte (Stadtbezirk);2022-12-31;unter 6;469;220;236;119;219;94;14;7;276;128
040111;Mitte (Stadtbezirk);2022-12-31;6 - 15;539;255;284;134;244;118;11;3;312;163
040111;Mitte (Stadtbezirk);2022-12-31;15 - 18;169;74;97;38;70;35;2;1;129;71
040111;Mitte (Stadtbezirk);2022-12-31;18 - 25;756;281;561;188;176;81;19;12;1060;581
040111;Mitte (Stadtbezirk);2022-12-31;25 - 30;921;396;712;295;186;93;23;8;1355;653
040111;Mitte (Stadtbezirk);2022-12-31;30 - 50;2594;1115;1846;777;604;287;144;51;3142;1388
040111;Mitte (Stadtbezirk);2022-12-31;50 - 65;893;441;537;271;322;151;34;19;2266;1072
040111;Mitte (Stadtbezirk);2022-12-31;65 oder mehr;446;237;256;137;168;86;22;14;2564;1392
040111;Mitte (Stadtbezirk);2022-12-31;Insgesamt;6787;3019;4529;1959;1989;945;269;115;11104;5448
0401111;Mitte (Stadtteil);2022-12-31;unter 6;466;217;235;118;217;92;14;7;276;128
0401111;Mitte (Stadtteil);2022-12-31;6 - 15;537;254;283;133;243;118;11;3;310;163
0401111;Mitte (Stadtteil);2022-12-31;15 - 18;162;73;90;37;70;35;2;1;128;70
0401111;Mitte (Stadtteil);2022-12-31;18 - 25;742;278;548;185;175;81;19;12;1059;581
0401111;Mitte (Stadtteil);2022-12-31;25 - 30;914;395;706;295;185;92;23;8;1352;653
0401111;Mitte (Stadtteil);2022-12-31;30 - 50;2568;1107;1821;769;603;287;144;51;3123;1383
0401111;Mitte (Stadtteil);2022-12-31;50 - 65;886;441;530;271;322;151;34;19;2245;1064
0401111;Mitte (Stadtteil);2022-12-31;65 oder mehr;442;235;254;136;167;85;21;14;2555;1386
0401111;Mitte (Stadtteil);2022-12-31;Insgesamt;6717;3000;4467;1944;1982;941;268;115;11048;5428
04011111;Altstadt (Ortsteil);2022-12-31;unter 6;98;46;57;27;36;17;5;2;43;16
04011111;Altstadt (Ortsteil);2022-12-31;6 - 15;130;71;85;50;43;21;2;0;34;17
04011111;Altstadt (Ortsteil);2022-12-31;15 - 18;37;18;28;12;9;6;0;0;16;10
04011111;Altstadt (Ortsteil);2022-12-31;18 - 25;170;63;127;40;38;21;5;2;243;134
04011111;Altstadt (Ortsteil);2022-12-31;25 - 30;229;97;164;64;54;30;11;3;338;158
04011111;Altstadt (Ortsteil);2022-12-31;30 - 50;653;286;462;192;151;76;40;18;629;244
04011111;Altstadt (Ortsteil);2022-12-31;50 - 65;206;111;119;67;75;36;12;8;433;176
04011111;Altstadt (Ortsteil);2022-12-31;65 oder mehr;91;52;49;29;39;21;3;2;445;229
04011111;Altstadt (Ortsteil);2022-12-31;Insgesamt;1614;744;1091;481;445;228;78;35;2181;984
04011112;Bahnhofsvorstadt (Ortsteil);2022-12-31;unter 6;237;107;147;75;87;30;3;2;34;11
04011112;Bahnhofsvorstadt (Ortsteil);2022-12-31;6 - 15;262;117;159;65;99;51;4;1;36;21
04011112;Bahnhofsvorstadt (Ortsteil);2022-12-31;15 - 18;78;28;52;17;25;11;1;0;11;8
04011112;Bahnhofsvorstadt (Ortsteil);2022-12-31;18 - 25;350;123;282;94;63;26;5;3;336;183
04011112;Bahnhofsvorstadt (Ortsteil);2022-12-31;25 - 30;430;169;352;135;71;30;7;4;414;173
04011112;Bahnhofsvorstadt (Ortsteil);2022-12-31;30 - 50;1094;470;824;353;229;103;41;14;739;299
04011112;Bahnhofsvorstadt (Ortsteil);2022-12-31;50 - 65;344;142;233;105;101;34;10;3;520;218
04011112;Bahnhofsvorstadt (Ortsteil);2022-12-31;65 oder mehr;138;77;81;47;49;25;8;5;674;382
04011112;Bahnhofsvorstadt (Ortsteil);2022-12-31;Insgesamt;2933;1233;2130;891;724;310;79;32;2764;1295
04011113;Ostertor (Ortsteil);2022-12-31;unter 6;131;64;31;16;94;45;6;3;199;101
04011113;Ostertor (Ortsteil);2022-12-31;6 - 15;145;66;39;18;101;46;5;2;240;125
04011113;Ostertor (Ortsteil);2022-12-31;15 - 18;47;27;10;8;36;18;1;1;101;52
04011113;Ostertor (Ortsteil);2022-12-31;18 - 25;222;92;139;51;74;34;9;7;480;264
04011113;Ostertor (Ortsteil);2022-12-31;25 - 30;255;129;190;96;60;32;5;1;600;322
04011113;Ostertor (Ortsteil);2022-12-31;30 - 50;821;351;535;224;223;108;63;19;1755;840
04011113;Ostertor (Ortsteil);2022-12-31;50 - 65;336;188;178;99;146;81;12;8;1292;670
04011113;Ostertor (Ortsteil);2022-12-31;65 oder mehr;213;106;124;60;79;39;10;7;1436;775
04011113;Ostertor (Ortsteil);2022-12-31;Insgesamt;2170;1023;1246;572;813;403;111;48;6103;3149
0401112;Häfen (Stadtteil);2022-12-31;unter 6;3;3;1;1;2;2;0;0;0;0
0401112;Häfen (Stadtteil);2022-12-31;6 - 15;2;1;1;1;1;0;0;0;2;0
0401112;Häfen (Stadtteil);2022-12-31;15 - 18;7;1;7;1;0;0;0;0;1;1
0401112;Häfen (Stadtteil);2022-12-31;18 - 25;14;3;13;3;1;0;0;0;1;0
0401112;Häfen (Stadtteil);2022-12-31;25 - 30;7;1;6;0;1;1;0;0;3;0
0401112;Häfen (Stadtteil);2022-12-31;30 - 50;26;8;25;8;1;0;0;0;19;5
0401112;Häfen (Stadtteil);2022-12-31;50 - 65;7;0;7;0;0;0;0;0;21;8
0401112;Häfen (Stadtteil);2022-12-31;65 oder mehr;4;2;2;1;1;1;1;0;9;6
0401112;Häfen (Stadtteil);2022-12-31;Insgesamt;70;19;62;15;7;4;1;0;56;20
04011121;Handelshäfen (Ortsteil);2022-12-31;unter 6;x;x;x;x;x;x;x;x;x;x
04011121;Handelshäfen (Ortsteil);2022-12-31;6 - 15;x;x;x;x;x;x;x;x;x;x
04011121;Handelshäfen (Ortsteil);2022-12-31;15 - 18;x;x;x;x;x;x;x;x;x;x
04011121;Handelshäfen (Ortsteil);2022-12-31;18 - 25;x;x;x;x;x;x;x;x;x;x
04011121;Handelshäfen (Ortsteil);2022-12-31;25 - 30;x;x;x;x;x;x;x;x;x;x
04011121;Handelshäfen (Ortsteil);2022-12-31;30 - 50;x;x;x;x;x;x;x;x;x;x
04011121;Handelshäfen (Ortsteil);2022-12-31;50 - 65;x;x;x;x;x;x;x;x;x;x
04011121;Handelshäfen (Ortsteil);2022-12-31;65 oder mehr;x;x;x;x;x;x;x;x;x;x
04011121;Handelshäfen (Ortsteil);2022-12-31;Insgesamt;x;x;x;x;x;x;x;x;x;x
04011122;Industriehäfen (Ortsteil);2022-12-31;unter 6;1;1;1;1;0;0;0;0;0;0
04011122;Industriehäfen (Ortsteil);2022-12-31;6 - 15;1;1;1;1;0;0;0;0;0;0
04011122;Industriehäfen (Ortsteil);2022-12-31;15 - 18;7;1;7;1;0;0;0;0;1;1
04011122;Industriehäfen (Ortsteil);2022-12-31;18 - 25;5;0;5;0;0;0;0;0;1;0
04011122;Industriehäfen (Ortsteil);2022-12-31;25 - 30;0;0;0;0;0;0;0;0;1;0
04011122;Industriehäfen (Ortsteil);2022-12-31;30 - 50;11;3;11;3;0;0;0;0;10;1
04011122;Industriehäfen (Ortsteil);2022-12-31;50 - 65;5;0;5;0;0;0;0;0;8;4
04011122;Industriehäfen (Ortsteil);2022-12-31;65 oder mehr;2;1;1;1;0;0;1;0;6;4
04011122;Industriehäfen (Ortsteil);2022-12-31;Insgesamt;32;7;31;7;0;0;1;0;27;10
04011123;Stadtbr Überseehafengebiet Bremerhaven (Ortsteil);2022-12-31;unter 6;0;0;0;0;0;0;0;0;0;0
04011123;Stadtbr Überseehafengebiet Bremerhaven (Ortsteil);2022-12-31;6 - 15;0;0;0;0;0;0;0;0;0;0
04011123;Stadtbr Überseehafengebiet Bremerhaven (Ortsteil);2022-12-31;15 - 18;0;0;0;0;0;0;0;0;0;0
04011123;Stadtbr Überseehafengebiet Bremerhaven (Ortsteil);2022-12-31;18 - 25;0;0;0;0;0;0;0;0;0;0
04011123;Stadtbr Überseehafengebiet Bremerhaven (Ortsteil);2022-12-31;25 - 30;0;0;0;0;0;0;0;0;0;0
04011123;Stadtbr Überseehafengebiet Bremerhaven (Ortsteil);2022-12-31;30 - 50;0;0;0;0;0;0;0;0;2;1
04011123;Stadtbr Überseehafengebiet Bremerhaven (Ortsteil);2022-12-31;50 - 65;0;0;0;0;0;0;0;0;1;0
04011123;Stadtbr Überseehafengebiet Bremerhaven (Ortsteil);2022-12-31;65 oder mehr;0;0;0;0;0;0;0;0;2;2
04011123;Stadtbr Überseehafengebiet Bremerhaven (Ortsteil);2022-12-31;Insgesamt;0;0;0;0;0;0;0;0;5;3
04011124;Neustädter Häfen (Ortsteil);2022-12-31;unter 6;2;2;0;0;2;2;0;0;0;0
04011124;Neustädter Häfen (Ortsteil);2022-12-31;6 - 15;1;0;0;0;1;0;0;0;0;0
04011124;Neustädter Häfen (Ortsteil);2022-12-31;15 - 18;0;0;0;0;0;0;0;0;0;0
04011124;Neustädter Häfen (Ortsteil);2022-12-31;18 - 25;0;0;0;0;0;0;0;0;0;0
04011124;Neustädter Häfen (Ortsteil);2022-12-31;25 - 30;1;1;0;0;1;1;0;0;0;0
04011124;Neustädter Häfen (Ortsteil);2022-12-31;30 - 50;0;0;0;0;0;0;0;0;0;0
04011124;Neustädter Häfen (Ortsteil);2022-12-31;50 - 65;0;0;0;0;0;0;0;0;0;0
04011124;Neustädter Häfen (Ortsteil);2022-12-31;65 oder mehr;1;1;0;0;1;1;0;0;0;0
04011124;Neustädter Häfen (Ortsteil);2022-12-31;Insgesamt;5;4;0;0;5;4;0;0;0;0
04011125;Hohentorshafen (Ortsteil);2022-12-31;unter 6;0;0;0;0;0;0;0;0;0;0
04011125;Hohentorshafen (Ortsteil);2022-12-31;6 - 15;0;0;0;0;0;0;0;0;2;0
04011125;Hohentorshafen (Ortsteil);2022-12-31;15 - 18;0;0;0;0;0;0;0;0;0;0
04011125;Hohentorshafen (Ortsteil);2022-12-31;18 - 25;9;3;8;3;1;0;0;0;0;0
04011125;Hohentorshafen (Ortsteil);2022-12-31;25 - 30;6;0;6;0;0;0;0;0;2;0
04011125;Hohentorshafen (Ortsteil);2022-12-31;30 - 50;15;5;14;5;1;0;0;0;7;3
04011125;Hohentorshafen (Ortsteil);2022-12-31;50 - 65;2;0;2;0;0;0;0;0;12;4
04011125;Hohentorshafen (Ortsteil);2022-12-31;65 oder mehr;1;0;1;0;0;0;0;0;1;0
04011125;Hohentorshafen (Ortsteil);2022-12-31;Insgesamt;33;8;31;8;2;0;0;0;24;7
040112;Süd (Stadtbezirk);2022-12-31;unter 6;5235;2472;1984;932;2875;1364;376;176;2749;1358
040112;Süd (Stadtbezirk);2022-12-31;6 - 15;6746;3290;2642;1265;3566;1769;538;256;3799;1843
040112;Süd (Stadtbezirk);2022-12-31;15 - 18;1996;975;718;338;1118;568;160;69;1339;624
040112;Süd (Stadtbezirk);2022-12-31;18 - 25;4392;1941;2716;1097;1501;756;175;88;5998;2989
040112;Süd (Stadtbezirk);2022-12-31;25 - 30;4332;1959;2943;1299;1171;552;218;108;5291;2697
040112;Süd (Stadtbezirk);2022-12-31;30 - 50;15938;7854;9637;4630;4769;2430;1532;794;18368;9035
040112;Süd (Stadtbezirk);2022-12-31;50 - 65;7634;3807;3837;1923;2752;1335;1045;549;18018;9124
040112;Süd (Stadtbezirk);2022-12-31;65 oder mehr;4537;2478;1964;1090;1616;841;957;547;21241;12188
040112;Süd (Stadtbezirk);2022-12-31;Insgesamt;50810;24776;26441;12574;19368;9615;5001;2587;76803;39858
0401121;Neustadt (Stadtteil);2022-12-31;unter 6;1359;632;499;223;782;375;78;34;1116;560
0401121;Neustadt (Stadtteil);2022-12-31;6 - 15;1452;720;641;314;754;380;57;26;1299;650
0401121;Neustadt (Stadtteil);2022-12-31;15 - 18;421;202;202;96;208;100;11;6;433;191
0401121;Neustadt (Stadtteil);2022-12-31;18 - 25;1663;692;1161;435;460;232;42;25;2711;1426
0401121;Neustadt (Stadtteil);2022-12-31;25 - 30;1893;843;1366;583;459;222;68;38;3203;1689
0401121;Neustadt (Stadtteil);2022-12-31;30 - 50;5413;2491;3613;1597;1466;737;334;157;9007;4323
0401121;Neustadt (Stadtteil);2022-12-31;50 - 65;1967;952;1216;582;660;322;91;48;6213;3095
0401121;Neustadt (Stadtteil);2022-12-31;65 oder mehr;1140;612;675;382;390;188;75;42;6080;3560
0401121;Neustadt (Stadtteil);2022-12-31;Insgesamt;15308;7144;9373;4212;5179;2556;756;376;30062;15494
04011211;Alte Neustadt (Ortsteil);2022-12-31;unter 6;138;75;63;34;65;37;10;4;130;67
04011211;Alte Neustadt (Ortsteil);2022-12-31;6 - 15;160;76;82;41;72;34;6;1;86;42
04011211;Alte Neustadt (Ortsteil);2022-12-31;15 - 18;53;33;32;19;18;12;3;2;25;8
04011211;Alte Neustadt (Ortsteil);2022-12-31;18 - 25;250;97;185;58;58;35;7;4;432;226
04011211;Alte Neustadt (Ortsteil);2022-12-31;25 - 30;356;145;259;93;84;45;13;7;586;283
04011211;Alte Neustadt (Ortsteil);2022-12-31;30 - 50;1000;417;719;287;222;105;59;25;1497;665
04011211;Alte Neustadt (Ortsteil);2022-12-31;50 - 65;290;137;171;77;105;54;14;6;830;367
04011211;Alte Neustadt (Ortsteil);2022-12-31;65 oder mehr;183;111;98;62;68;38;17;11;1027;574
04011211;Alte Neustadt (Ortsteil);2022-12-31;Insgesamt;2430;1091;1609;671;692;360;129;60;4613;2232
04011212;Hohentor (Ortsteil);2022-12-31;unter 6;136;56;74;31;58;24;4;1;83;41
04011212;Hohentor (Ortsteil);2022-12-31;6 - 15;154;72;114;51;38;20;2;1;86;46
04011212;Hohentor (Ortsteil);2022-12-31;15 - 18;48;20;30;13;18;7;0;0;30;18
04011212;Hohentor (Ortsteil);2022-12-31;18 - 25;216;90;165;62;46;27;5;1;363;190
04011212;Hohentor (Ortsteil);2022-12-31;25 - 30;274;105;194;75;63;22;17;8;434;226
04011212;Hohentor (Ortsteil);2022-12-31;30 - 50;636;263;449;180;150;64;37;19;906;412
04011212;Hohentor (Ortsteil);2022-12-31;50 - 65;212;86;145;61;63;24;4;1;521;230
04011212;Hohentor (Ortsteil);2022-12-31;65 oder mehr;99;57;66;39;29;16;4;2;435;246
04011212;Hohentor (Ortsteil);2022-12-31;Insgesamt;1775;749;1237;512;465;204;73;33;2858;1409
04011213;Neustadt (Ortsteil);2022-12-31;unter 6;188;86;54;28;119;51;15;7;237;118
04011213;Neustadt (Ortsteil);2022-12-31;6 - 15;143;70;44;18;93;49;6;3;276;138
04011213;Neustadt (Ortsteil);2022-12-31;15 - 18;43;22;16;8;26;13;1;1;110;51
04011213;Neustadt (Ortsteil);2022-12-31;18 - 25;147;68;80;37;61;27;6;4;445;253
04011213;Neustadt (Ortsteil);2022-12-31;25 - 30;203;111;145;75;48;30;10;6;534;304
04011213;Neustadt (Ortsteil);2022-12-31;30 - 50;644;309;378;178;207;102;59;29;1696;876
04011213;Neustadt (Ortsteil);2022-12-31;50 - 65;239;127;138;75;87;46;14;6;1155;608
04011213;Neustadt (Ortsteil);2022-12-31;65 oder mehr;138;65;82;40;49;21;7;4;997;590
04011213;Neustadt (Ortsteil);2022-12-31;Insgesamt;1745;858;937;459;690;339;118;60;5450;2938
04011214;Südervorstadt (Ortsteil);2022-12-31;unter 6;117;51;40;20;66;28;11;3;121;57
04011214;Südervorstadt (Ortsteil);2022-12-31;6 - 15;126;77;63;38;59;35;4;4;142;75
04011214;Südervorstadt (Ortsteil);2022-12-31;15 - 18;33;17;17;8;16;9;0;0;40;15
04011214;Südervorstadt (Ortsteil);2022-12-31;18 - 25;236;99;160;58;70;36;6;5;406;212
04011214;Südervorstadt (Ortsteil);2022-12-31;25 - 30;211;95;140;59;63;31;8;5;435;245
04011214;Südervorstadt (Ortsteil);2022-12-31;30 - 50;594;266;414;180;151;76;29;10;1044;478
04011214;Südervorstadt (Ortsteil);2022-12-31;50 - 65;205;96;123;60;76;31;6;5;706;370
04011214;Südervorstadt (Ortsteil);2022-12-31;65 oder mehr;128;64;88;43;37;20;3;1;597;360
04011214;Südervorstadt (Ortsteil);2022-12-31;Insgesamt;1650;765;1045;466;538;266;67;33;3491;1812
04011215;Gartenstadt Süd (Ortsteil);2022-12-31;unter 6;187;92;59;25;119;62;9;5;122;71
04011215;Gartenstadt Süd (Ortsteil);2022-12-31;6 - 15;285;144;105;51;165;87;15;6;118;54
04011215;Gartenstadt Süd (Ortsteil);2022-12-31;15 - 18;70;29;24;13;44;15;2;1;47;19
04011215;Gartenstadt Süd (Ortsteil);2022-12-31;18 - 25;148;69;86;37;58;29;4;3;242;115
04011215;Gartenstadt Süd (Ortsteil);2022-12-31;25 - 30;197;106;134;72;55;28;8;6;298;138
04011215;Gartenstadt Süd (Ortsteil);2022-12-31;30 - 50;637;339;366;189;227;125;44;25;766;369
04011215;Gartenstadt Süd (Ortsteil);2022-12-31;50 - 65;304;160;162;85;119;62;23;13;693;359
04011215;Gartenstadt Süd (Ortsteil);2022-12-31;65 oder mehr;190;103;96;58;72;33;22;12;785;512
04011215;Gartenstadt Süd (Ortsteil);2022-12-31;Insgesamt;2018;1042;1032;530;859;441;127;71;3071;1637
04011216;Buntentor (Ortsteil);2022-12-31;unter 6;163;61;42;14;110;41;11;6;164;77
04011216;Buntentor (Ortsteil);2022-12-31;6 - 15;119;54;31;15;77;36;11;3;205;102
04011216;Buntentor (Ortsteil);2022-12-31;15 - 18;48;21;28;10;17;9;3;2;77;34
04011216;Buntentor (Ortsteil);2022-12-31;18 - 25;242;87;172;62;61;21;9;4;409;231
04011216;Buntentor (Ortsteil);2022-12-31;25 - 30;299;130;220;93;73;34;6;3;557;309
04011216;Buntentor (Ortsteil);2022-12-31;30 - 50;645;291;403;173;187;95;55;23;1607;791
04011216;Buntentor (Ortsteil);2022-12-31;50 - 65;232;113;146;69;78;37;8;7;1025;540
04011216;Buntentor (Ortsteil);2022-12-31;65 oder mehr;124;64;74;42;43;20;7;2;974;559
04011216;Buntentor (Ortsteil);2022-12-31;Insgesamt;1872;821;1116;478;646;293;110;50;5018;2643
04011217;Neuenland (Ortsteil);2022-12-31;unter 6;88;37;43;17;44;19;1;1;11;4
04011217;Neuenland (Ortsteil);2022-12-31;6 - 15;57;26;30;16;27;10;0;0;38;19
04011217;Neuenland (Ortsteil);2022-12-31;15 - 18;18;10;12;8;6;2;0;0;11;5
04011217;Neuenland (Ortsteil);2022-12-31;18 - 25;96;32;78;22;15;8;3;2;58;27
04011217;Neuenland (Ortsteil);2022-12-31;25 - 30;83;31;66;24;15;6;2;1;54;27
04011217;Neuenland (Ortsteil);2022-12-31;30 - 50;241;102;178;73;57;28;6;1;160;69
04011217;Neuenland (Ortsteil);2022-12-31;50 - 65;69;38;42;25;26;12;1;1;165;72
04011217;Neuenland (Ortsteil);2022-12-31;65 oder mehr;46;22;21;10;24;11;1;1;214;116
04011217;Neuenland (Ortsteil);2022-12-31;Insgesamt;698;298;470;195;214;96;14;7;711;339
04011218;Huckelriede (Ortsteil);2022-12-31;unter 6;342;174;124;54;201;113;17;7;248;125
04011218;Huckelriede (Ortsteil);2022-12-31;6 - 15;408;201;172;84;223;109;13;8;348;174
04011218;Huckelriede (Ortsteil);2022-12-31;15 - 18;108;50;43;17;63;33;2;0;93;41
04011218;Huckelriede (Ortsteil);2022-12-31;18 - 25;328;150;235;99;91;49;2;2;356;172
04011218;Huckelriede (Ortsteil);2022-12-31;25 - 30;270;120;208;92;58;26;4;2;305;157
04011218;Huckelriede (Ortsteil);2022-12-31;30 - 50;1016;504;706;337;265;142;45;25;1331;663
04011218;Huckelriede (Ortsteil);2022-12-31;50 - 65;416;195;289;130;106;56;21;9;1118;549
04011218;Huckelriede (Ortsteil);2022-12-31;65 oder mehr;232;126;150;88;68;29;14;9;1051;603
04011218;Huckelriede (Ortsteil);2022-12-31;Insgesamt;3120;1520;1927;901;1075;557;118;62;4850;2484
0401123;Obervieland (Stadtteil);2022-12-31;unter 6;1454;665;395;174;926;429;133;62;785;386
0401123;Obervieland (Stadtteil);2022-12-31;6 - 15;2140;1038;586;281;1334;660;220;97;1290;619
0401123;Obervieland (Stadtteil);2022-12-31;15 - 18;603;300;137;73;403;203;63;24;442;209
0401123;Obervieland (Stadtteil);2022-12-31;18 - 25;932;441;442;194;445;226;45;21;1511;706
0401123;Obervieland (Stadtteil);2022-12-31;25 - 30;852;405;494;230;297;143;61;32;929;442
0401123;Obervieland (Stadtteil);2022-12-31;30 - 50;4085;2152;2063;1067;1508;805;514;280;4382;2233
0401123;Obervieland (Stadtteil);2022-12-31;50 - 65;2407;1235;999;520;959;482;449;233;5423;2787
0401123;Obervieland (Stadtteil);2022-12-31;65 oder mehr;1542;845;517;286;601;324;424;235;7441;4187
0401123;Obervieland (Stadtteil);2022-12-31;Insgesamt;14015;7081;5633;2825;6473;3272;1909;984;22203;11569
04011231;Habenhausen (Ortsteil);2022-12-31;unter 6;139;58;13;4;110;49;16;5;266;138
04011231;Habenhausen (Ortsteil);2022-12-31;6 - 15;178;90;13;5;143;77;22;8;451;207
04011231;Habenhausen (Ortsteil);2022-12-31;15 - 18;49;21;5;2;39;17;5;2;141;62
04011231;Habenhausen (Ortsteil);2022-12-31;18 - 25;46;24;14;8;29;13;3;3;371;176
04011231;Habenhausen (Ortsteil);2022-12-31;25 - 30;68;37;30;17;31;14;7;6;211;102
04011231;Habenhausen (Ortsteil);2022-12-31;30 - 50;357;199;133;71;173;102;51;26;1281;686
04011231;Habenhausen (Ortsteil);2022-12-31;50 - 65;186;102;61;38;104;54;21;10;1593;840
04011231;Habenhausen (Ortsteil);2022-12-31;65 oder mehr;168;95;57;34;65;39;46;22;2537;1377
04011231;Habenhausen (Ortsteil);2022-12-31;Insgesamt;1191;626;326;179;694;365;171;82;6851;3588
04011232;Arsten (Ortsteil);2022-12-31;unter 6;382;182;57;28;262;118;63;36;249;128
04011232;Arsten (Ortsteil);2022-12-31;6 - 15;578;273;93;39;391;191;94;43;398;190
04011232;Arsten (Ortsteil);2022-12-31;15 - 18;168;88;32;23;109;51;27;14;138;68
04011232;Arsten (Ortsteil);2022-12-31;18 - 25;198;83;75;33;109;47;14;3;465;228
04011232;Arsten (Ortsteil);2022-12-31;25 - 30;176;97;81;46;72;41;23;10;271;124
04011232;Arsten (Ortsteil);2022-12-31;30 - 50;1033;573;402;220;442;239;189;114;1352;698
04011232;Arsten (Ortsteil);2022-12-31;50 - 65;670;354;202;110;300;155;168;89;1623;834
04011232;Arsten (Ortsteil);2022-12-31;65 oder mehr;395;221;105;58;156;87;134;76;1860;1070
04011232;Arsten (Ortsteil);2022-12-31;Insgesamt;3600;1871;1047;557;1841;929;712;385;6356;3340
04011233;Kattenturm (Ortsteil);2022-12-31;unter 6;734;332;293;133;406;186;35;13;170;74
04011233;Kattenturm (Ortsteil);2022-12-31;6 - 15;1060;522;421;210;582;286;57;26;260;137
04011233;Kattenturm (Ortsteil);2022-12-31;15 - 18;304;148;87;40;198;104;19;4;89;48
04011233;Kattenturm (Ortsteil);2022-12-31;18 - 25;568;262;312;130;236;121;20;11;444;201
04011233;Kattenturm (Ortsteil);2022-12-31;25 - 30;510;229;332;147;152;70;26;12;315;157
04011233;Kattenturm (Ortsteil);2022-12-31;30 - 50;2111;1072;1290;662;637;320;184;90;1083;515
04011233;Kattenturm (Ortsteil);2022-12-31;50 - 65;1238;626;637;324;397;198;204;104;1439;725
04011233;Kattenturm (Ortsteil);2022-12-31;65 oder mehr;782;423;296;161;284;147;202;115;1827;1037
04011233;Kattenturm (Ortsteil);2022-12-31;Insgesamt;7307;3614;3668;1807;2892;1432;747;375;5627;2894
04011234;Kattenesch (Ortsteil);2022-12-31;unter 6;199;93;32;9;148;76;19;8;100;46
04011234;Kattenesch (Ortsteil);2022-12-31;6 - 15;324;153;59;27;218;106;47;20;181;85
04011234;Kattenesch (Ortsteil);2022-12-31;15 - 18;82;43;13;8;57;31;12;4;74;31
04011234;Kattenesch (Ortsteil);2022-12-31;18 - 25;120;72;41;23;71;45;8;4;231;101
04011234;Kattenesch (Ortsteil);2022-12-31;25 - 30;98;42;51;20;42;18;5;4;132;59
04011234;Kattenesch (Ortsteil);2022-12-31;30 - 50;584;308;238;114;256;144;90;50;666;334
04011234;Kattenesch (Ortsteil);2022-12-31;50 - 65;313;153;99;48;158;75;56;30;768;388
04011234;Kattenesch (Ortsteil);2022-12-31;65 oder mehr;197;106;59;33;96;51;42;22;1217;703
04011234;Kattenesch (Ortsteil);2022-12-31;Insgesamt;1917;970;592;282;1046;546;279;142;3369;1747
0401124;Huchting (Stadtteil);2022-12-31;unter 6;1945;943;916;455;910;432;119;56;486;223
0401124;Huchting (Stadtteil);2022-12-31;6 - 15;2508;1208;1155;543;1140;563;213;102;673;311
0401124;Huchting (Stadtteil);2022-12-31;15 - 18;749;350;289;120;391;197;69;33;295;140
0401124;Huchting (Stadtteil);2022-12-31;18 - 25;1336;603;793;336;473;233;70;34;1088;521
0401124;Huchting (Stadtteil);2022-12-31;25 - 30;1085;510;702;338;318;146;65;26;595;289
0401124;Huchting (Stadtteil);2022-12-31;30 - 50;4741;2440;2882;1479;1336;682;523;279;2595;1331
0401124;Huchting (Stadtteil);2022-12-31;50 - 65;2460;1250;1194;612;869;422;397;216;3755;1947
0401124;Huchting (Stadtteil);2022-12-31;65 oder mehr;1388;765;550;301;496;260;342;204;5161;2991
0401124;Huchting (Stadtteil);2022-12-31;Insgesamt;16212;8069;8481;4184;5933;2935;1798;950;14648;7753
04011241;Mittelshuchting (Ortsteil);2022-12-31;unter 6;862;416;435;207;370;184;57;25;154;74
04011241;Mittelshuchting (Ortsteil);2022-12-31;6 - 15;1052;503;536;252;425;215;91;36;228;103
04011241;Mittelshuchting (Ortsteil);2022-12-31;15 - 18;306;133;114;43;156;72;36;18;111;53
04011241;Mittelshuchting (Ortsteil);2022-12-31;18 - 25;520;236;321;128;171;94;28;14;379;191
04011241;Mittelshuchting (Ortsteil);2022-12-31;25 - 30;400;211;258;143;114;57;28;11;208;91
04011241;Mittelshuchting (Ortsteil);2022-12-31;30 - 50;1894;978;1177;601;484;247;233;130;937;475
04011241;Mittelshuchting (Ortsteil);2022-12-31;50 - 65;898;449;416;198;319;161;163;90;1260;655
04011241;Mittelshuchting (Ortsteil);2022-12-31;65 oder mehr;528;289;192;104;201;105;135;80;1785;1023
04011241;Mittelshuchting (Ortsteil);2022-12-31;Insgesamt;6460;3215;3449;1676;2240;1135;771;404;5062;2665
04011242;Sodenmatt (Ortsteil);2022-12-31;unter 6;436;222;194;105;216;106;26;11;88;35
04011242;Sodenmatt (Ortsteil);2022-12-31;6 - 15;591;281;281;126;241;121;69;34;135;67
04011242;Sodenmatt (Ortsteil);2022-12-31;15 - 18;191;99;73;38;100;54;18;7;50;23
04011242;Sodenmatt (Ortsteil);2022-12-31;18 - 25;338;143;189;83;122;50;27;10;233;107
04011242;Sodenmatt (Ortsteil);2022-12-31;25 - 30;261;116;177;78;66;29;18;9;128;69
04011242;Sodenmatt (Ortsteil);2022-12-31;30 - 50;1276;659;759;401;348;173;169;85;486;249
04011242;Sodenmatt (Ortsteil);2022-12-31;50 - 65;692;353;347;177;225;115;120;61;758;384
04011242;Sodenmatt (Ortsteil);2022-12-31;65 oder mehr;402;216;157;81;134;69;111;66;1150;704
04011242;Sodenmatt (Ortsteil);2022-12-31;Insgesamt;4187;2089;2177;1089;1452;717;558;283;3028;1638
04011243;Kirchhuchting (Ortsteil);2022-12-31;unter 6;607;287;279;138;296;132;32;17;133;59
04011243;Kirchhuchting (Ortsteil);2022-12-31;6 - 15;780;375;332;162;402;187;46;26;143;62
04011243;Kirchhuchting (Ortsteil);2022-12-31;15 - 18;238;110;99;38;125;65;14;7;69;34
04011243;Kirchhuchting (Ortsteil);2022-12-31;18 - 25;447;211;264;119;171;84;12;8;331;156
04011243;Kirchhuchting (Ortsteil);2022-12-31;25 - 30;403;173;253;110;132;58;18;5;186;90
04011243;Kirchhuchting (Ortsteil);2022-12-31;30 - 50;1418;729;877;448;433;222;108;59;695;358
04011243;Kirchhuchting (Ortsteil);2022-12-31;50 - 65;778;396;398;216;275;120;105;60;986;510
04011243;Kirchhuchting (Ortsteil);2022-12-31;65 oder mehr;399;231;178;105;134;72;87;54;1355;788
04011243;Kirchhuchting (Ortsteil);2022-12-31;Insgesamt;5070;2512;2680;1336;1968;940;422;236;3898;2057
04011244;Grolland (Ortsteil);2022-12-31;unter 6;40;18;8;5;28;10;4;3;111;55
04011244;Grolland (Ortsteil);2022-12-31;6 - 15;85;49;6;3;72;40;7;6;167;79
04011244;Grolland (Ortsteil);2022-12-31;15 - 18;14;8;3;1;10;6;1;1;65;30
04011244;Grolland (Ortsteil);2022-12-31;18 - 25;31;13;19;6;9;5;3;2;145;67
04011244;Grolland (Ortsteil);2022-12-31;25 - 30;21;10;14;7;6;2;1;1;73;39
04011244;Grolland (Ortsteil);2022-12-31;30 - 50;153;74;69;29;71;40;13;5;477;249
04011244;Grolland (Ortsteil);2022-12-31;50 - 65;92;52;33;21;50;26;9;5;751;398
04011244;Grolland (Ortsteil);2022-12-31;65 oder mehr;59;29;23;11;27;14;9;4;871;476
04011244;Grolland (Ortsteil);2022-12-31;Insgesamt;495;253;175;83;273;143;47;27;2660;1393
0401125;Woltmershausen (Stadtteil);2022-12-31;unter 6;450;219;173;80;242;121;35;18;298;154
0401125;Woltmershausen (Stadtteil);2022-12-31;6 - 15;602;304;254;125;307;152;41;27;450;219
0401125;Woltmershausen (Stadtteil);2022-12-31;15 - 18;210;118;85;47;110;65;15;6;149;76
0401125;Woltmershausen (Stadtteil);2022-12-31;18 - 25;447;198;317;129;114;63;16;6;627;309
0401125;Woltmershausen (Stadtteil);2022-12-31;25 - 30;491;196;374;145;94;39;23;12;504;246
0401125;Woltmershausen (Stadtteil);2022-12-31;30 - 50;1623;725;1053;469;431;190;139;66;2131;1030
0401125;Woltmershausen (Stadtteil);2022-12-31;50 - 65;752;347;414;201;239;98;99;48;2254;1105
0401125;Woltmershausen (Stadtteil);2022-12-31;65 oder mehr;443;244;212;116;124;67;107;61;2303;1318
0401125;Woltmershausen (Stadtteil);2022-12-31;Insgesamt;5018;2351;2882;1312;1661;795;475;244;8716;4457
04011251;Woltmershausen (Ortsteil);2022-12-31;unter 6;371;182;158;74;185;93;28;15;215;114
04011251;Woltmershausen (Ortsteil);2022-12-31;6 - 15;503;257;224;113;247;122;32;22;337;158
04011251;Woltmershausen (Ortsteil);2022-12-31;15 - 18;178;102;72;39;93;57;13;6;107;49
04011251;Woltmershausen (Ortsteil);2022-12-31;18 - 25;388;174;282;118;92;50;14;6;491;246
04011251;Woltmershausen (Ortsteil);2022-12-31;25 - 30;438;175;340;131;77;32;21;12;403;193
04011251;Woltmershausen (Ortsteil);2022-12-31;30 - 50;1347;607;908;411;332;146;107;50;1661;805
04011251;Woltmershausen (Ortsteil);2022-12-31;50 - 65;637;294;354;173;199;80;84;41;1628;782
04011251;Woltmershausen (Ortsteil);2022-12-31;65 oder mehr;386;215;188;105;98;52;100;58;1561;884
04011251;Woltmershausen (Ortsteil);2022-12-31;Insgesamt;4248;2006;2526;1164;1323;632;399;210;6403;3231
04011252;Rablinghausen (Ortsteil);2022-12-31;unter 6;79;37;15;6;57;28;7;3;83;40
04011252;Rablinghausen (Ortsteil);2022-12-31;6 - 15;99;47;30;12;60;30;9;5;113;61
04011252;Rablinghausen (Ortsteil);2022-12-31;15 - 18;32;16;13;8;17;8;2;0;42;27
04011252;Rablinghausen (Ortsteil);2022-12-31;18 - 25;59;24;35;11;22;13;2;0;136;63
04011252;Rablinghausen (Ortsteil);2022-12-31;25 - 30;53;21;34;14;17;7;2;0;101;53
04011252;Rablinghausen (Ortsteil);2022-12-31;30 - 50;276;118;145;58;99;44;32;16;470;225
04011252;Rablinghausen (Ortsteil);2022-12-31;50 - 65;115;53;60;28;40;18;15;7;626;323
04011252;Rablinghausen (Ortsteil);2022-12-31;65 oder mehr;57;29;24;11;26;15;7;3;742;434
04011252;Rablinghausen (Ortsteil);2022-12-31;Insgesamt;770;345;356;148;338;163;76;34;2313;1226
04011261;Seehausen (Ortsteil);2022-12-31;unter 6;23;11;1;0;11;5;11;6;48;29
04011261;Seehausen (Ortsteil);2022-12-31;6 - 15;40;18;5;2;28;12;7;4;55;29
04011261;Seehausen (Ortsteil);2022-12-31;15 - 18;6;3;0;0;5;3;1;0;13;4
04011261;Seehausen (Ortsteil);2022-12-31;18 - 25;11;6;3;3;6;1;2;2;38;19
04011261;Seehausen (Ortsteil);2022-12-31;25 - 30;9;4;6;3;2;1;1;0;40;20
04011261;Seehausen (Ortsteil);2022-12-31;30 - 50;64;39;21;14;24;14;19;11;174;83
04011261;Seehausen (Ortsteil);2022-12-31;50 - 65;41;18;13;7;20;8;8;3;272;141
04011261;Seehausen (Ortsteil);2022-12-31;65 oder mehr;18;10;7;3;4;2;7;5;164;82
04011261;Seehausen (Ortsteil);2022-12-31;Insgesamt;212;109;56;32;100;46;56;31;804;407
04011271;Strom (Ortsteil);2022-12-31;unter 6;4;2;0;0;4;2;0;0;16;6
04011271;Strom (Ortsteil);2022-12-31;6 - 15;4;2;1;0;3;2;0;0;32;15
04011271;Strom (Ortsteil);2022-12-31;15 - 18;7;2;5;2;1;0;1;0;7;4
04011271;Strom (Ortsteil);2022-12-31;18 - 25;3;1;0;0;3;1;0;0;23;8
04011271;Strom (Ortsteil);2022-12-31;25 - 30;2;1;1;0;1;1;0;0;20;11
04011271;Strom (Ortsteil);2022-12-31;30 - 50;12;7;5;4;4;2;3;1;79;35
04011271;Strom (Ortsteil);2022-12-31;50 - 65;7;5;1;1;5;3;1;1;101;49
04011271;Strom (Ortsteil);2022-12-31;65 oder mehr;6;2;3;2;1;0;2;0;92;50
04011271;Strom (Ortsteil);2022-12-31;Insgesamt;45;22;16;9;22;11;7;2;370;178
040113;Ost (Stadtbezirk);2022-12-31;unter 6;7795;3762;2651;1278;4444;2153;700;331;4774;2328
040113;Ost (Stadtbezirk);2022-12-31;6 - 15;10546;5059;3731;1799;5641;2674;1174;586;7684;3780
040113;Ost (Stadtbezirk);2022-12-31;15 - 18;3303;1535;1062;458;1869;902;372;175;2885;1369
040113;Ost (Stadtbezirk);2022-12-31;18 - 25;6569;2938;3769;1647;2402;1101;398;190;10733;5379
040113;Ost (Stadtbezirk);2022-12-31;25 - 30;6874;3220;4612;2114;1867;893;395;213;8827;4359
040113;Ost (Stadtbezirk);2022-12-31;30 - 50;26354;13252;14624;7343;8403;4197;3327;1712;32372;16315
040113;Ost (Stadtbezirk);2022-12-31;50 - 65;13206;6799;5898;2969;5066;2636;2242;1194;34610;17646
040113;Ost (Stadtbezirk);2022-12-31;65 oder mehr;8716;4968;3239;1889;3424;1860;2053;1219;41877;24058
040113;Ost (Stadtbezirk);2022-12-31;Insgesamt;83363;41533;39586;19497;33116;16416;10661;5620;143762;75234
0401131;Östliche Vorstadt (Stadtteil);2022-12-31;unter 6;516;256;112;58;373;182;31;16;685;334
0401131;Östliche Vorstadt (Stadtteil);2022-12-31;6 - 15;606;291;159;81;410;193;37;17;1056;499
0401131;Östliche Vorstadt (Stadtteil);2022-12-31;15 - 18;185;84;48;26;118;50;19;8;403;210
0401131;Östliche Vorstadt (Stadtteil);2022-12-31;18 - 25;578;249;382;148;184;93;12;8;1619;836
0401131;Östliche Vorstadt (Stadtteil);2022-12-31;25 - 30;746;355;521;236;195;104;30;15;1869;971
0401131;Östliche Vorstadt (Stadtteil);2022-12-31;30 - 50;2513;1172;1515;653;830;425;168;94;6162;3186
0401131;Östliche Vorstadt (Stadtteil);2022-12-31;50 - 65;1053;502;550;246;438;216;65;40;5273;2761
0401131;Östliche Vorstadt (Stadtteil);2022-12-31;65 oder mehr;673;375;362;189;259;152;52;34;5070;2872
0401131;Östliche Vorstadt (Stadtteil);2022-12-31;Insgesamt;6870;3284;3649;1637;2807;1415;414;232;22137;11669
04011311;Steintor (Ortsteil);2022-12-31;unter 6;115;55;23;13;89;40;3;2;148;70
04011311;Steintor (Ortsteil);2022-12-31;6 - 15;162;77;43;22;110;52;9;3;246;125
04011311;Steintor (Ortsteil);2022-12-31;15 - 18;55;29;15;8;36;18;4;3;98;56
04011311;Steintor (Ortsteil);2022-12-31;18 - 25;176;76;119;46;54;27;3;3;415;210
04011311;Steintor (Ortsteil);2022-12-31;25 - 30;202;104;145;71;49;27;8;6;570;307
04011311;Steintor (Ortsteil);2022-12-31;30 - 50;651;318;379;177;230;116;42;25;1679;840
04011311;Steintor (Ortsteil);2022-12-31;50 - 65;273;125;152;72;110;47;11;6;1179;585
04011311;Steintor (Ortsteil);2022-12-31;65 oder mehr;168;90;102;51;53;31;13;8;1075;603
04011311;Steintor (Ortsteil);2022-12-31;Insgesamt;1802;874;978;460;731;358;93;56;5410;2796
04011312;Fesenfeld (Ortsteil);2022-12-31;unter 6;116;51;33;17;79;33;4;1;164;83
04011312;Fesenfeld (Ortsteil);2022-12-31;6 - 15;118;55;30;17;85;37;3;1;203;94
04011312;Fesenfeld (Ortsteil);2022-12-31;15 - 18;44;18;14;8;27;10;3;0;71;42
04011312;Fesenfeld (Ortsteil);2022-12-31;18 - 25;148;65;96;38;47;25;5;2;446;249
04011312;Fesenfeld (Ortsteil);2022-12-31;25 - 30;190;93;131;66;54;26;5;1;498;261
04011312;Fesenfeld (Ortsteil);2022-12-31;30 - 50;618;277;394;161;188;100;36;16;1688;873
04011312;Fesenfeld (Ortsteil);2022-12-31;50 - 65;214;100;104;41;98;51;12;8;1116;569
04011312;Fesenfeld (Ortsteil);2022-12-31;65 oder mehr;157;87;80;44;69;38;8;5;1045;573
04011312;Fesenfeld (Ortsteil);2022-12-31;Insgesamt;1605;746;882;392;647;320;76;34;5231;2744
04011313;Peterswerder (Ortsteil);2022-12-31;unter 6;143;74;24;13;102;52;17;9;260;128
04011313;Peterswerder (Ortsteil);2022-12-31;6 - 15;186;86;35;17;133;61;18;8;444;208
04011313;Peterswerder (Ortsteil);2022-12-31;15 - 18;60;23;9;4;45;17;6;2;179;84
04011313;Peterswerder (Ortsteil);2022-12-31;18 - 25;150;77;92;47;56;29;2;1;512;259
04011313;Peterswerder (Ortsteil);2022-12-31;25 - 30;186;83;116;48;60;31;10;4;511;262
04011313;Peterswerder (Ortsteil);2022-12-31;30 - 50;680;325;381;166;249;128;50;31;1937;1031
04011313;Peterswerder (Ortsteil);2022-12-31;50 - 65;332;165;161;72;145;78;26;15;2062;1117
04011313;Peterswerder (Ortsteil);2022-12-31;65 oder mehr;237;132;122;64;89;50;26;18;2076;1203
04011313;Peterswerder (Ortsteil);2022-12-31;Insgesamt;1974;965;940;431;879;446;155;88;7981;4292
04011314;Hulsberg (Ortsteil);2022-12-31;unter 6;142;76;32;15;103;57;7;4;113;53
04011314;Hulsberg (Ortsteil);2022-12-31;6 - 15;140;73;51;25;82;43;7;5;163;72
04011314;Hulsberg (Ortsteil);2022-12-31;15 - 18;26;14;10;6;10;5;6;3;55;28
04011314;Hulsberg (Ortsteil);2022-12-31;18 - 25;104;31;75;17;27;12;2;2;246;118
04011314;Hulsberg (Ortsteil);2022-12-31;25 - 30;168;75;129;51;32;20;7;4;290;141
04011314;Hulsberg (Ortsteil);2022-12-31;30 - 50;564;252;361;149;163;81;40;22;858;442
04011314;Hulsberg (Ortsteil);2022-12-31;50 - 65;234;112;133;61;85;40;16;11;916;490
04011314;Hulsberg (Ortsteil);2022-12-31;65 oder mehr;111;66;58;30;48;33;5;3;874;493
04011314;Hulsberg (Ortsteil);2022-12-31;Insgesamt;1489;699;849;354;550;291;90;54;3515;1837
0401132;Schwachhausen (Stadtteil);2022-12-31;unter 6;819;382;224;99;524;249;71;34;1122;572
0401132;Schwachhausen (Stadtteil);2022-12-31;6 - 15;1001;480;352;164;577;282;72;34;1628;837
0401132;Schwachhausen (Stadtteil);2022-12-31;15 - 18;250;119;96;47;138;64;16;8;588;255
0401132;Schwachhausen (Stadtteil);2022-12-31;18 - 25;639;306;379;174;237;121;23;11;1922;979
0401132;Schwachhausen (Stadtteil);2022-12-31;25 - 30;785;426;509;283;233;118;43;25;2188;1102
0401132;Schwachhausen (Stadtteil);2022-12-31;30 - 50;3104;1707;1743;985;1083;571;278;151;7580;3854
0401132;Schwachhausen (Stadtteil);2022-12-31;50 - 65;1186;659;551;295;560;318;75;46;6951;3661
0401132;Schwachhausen (Stadtteil);2022-12-31;65 oder mehr;810;484;321;200;408;231;81;53;8794;5131
0401132;Schwachhausen (Stadtteil);2022-12-31;Insgesamt;8594;4563;4175;2247;3760;1954;659;362;30773;16391
04011321;Neu-Schwachhausen (Ortsteil);2022-12-31;unter 6;138;65;37;17;91;44;10;4;143;72
04011321;Neu-Schwachhausen (Ortsteil);2022-12-31;6 - 15;165;85;62;35;91;46;12;4;233;109
04011321;Neu-Schwachhausen (Ortsteil);2022-12-31;15 - 18;35;18;15;9;15;6;5;3;82;36
04011321;Neu-Schwachhausen (Ortsteil);2022-12-31;18 - 25;110;51;67;30;40;19;3;2;347;182
04011321;Neu-Schwachhausen (Ortsteil);2022-12-31;25 - 30;109;60;66;38;35;19;8;3;437;216
04011321;Neu-Schwachhausen (Ortsteil);2022-12-31;30 - 50;518;286;259;152;207;108;52;26;1178;579
04011321;Neu-Schwachhausen (Ortsteil);2022-12-31;50 - 65;148;75;66;35;69;33;13;7;1024;540
04011321;Neu-Schwachhausen (Ortsteil);2022-12-31;65 oder mehr;112;67;50;31;50;28;12;8;1325;819
04011321;Neu-Schwachhausen (Ortsteil);2022-12-31;Insgesamt;1335;707;622;347;598;303;115;57;4769;2553
04011322;Bürgerpark (Ortsteil);2022-12-31;unter 6;95;49;22;9;68;39;5;1;115;54
04011322;Bürgerpark (Ortsteil);2022-12-31;6 - 15;77;33;22;7;47;23;8;3;161;83
04011322;Bürgerpark (Ortsteil);2022-12-31;15 - 18;27;14;12;7;15;7;0;0;57;27
04011322;Bürgerpark (Ortsteil);2022-12-31;18 - 25;70;35;42;19;25;15;3;1;211;98
04011322;Bürgerpark (Ortsteil);2022-12-31;25 - 30;95;50;65;33;25;13;5;4;223;118
04011322;Bürgerpark (Ortsteil);2022-12-31;30 - 50;311;164;180;105;101;46;30;13;862;458
04011322;Bürgerpark (Ortsteil);2022-12-31;50 - 65;133;73;71;37;55;33;7;3;847;447
04011322;Bürgerpark (Ortsteil);2022-12-31;65 oder mehr;74;44;27;16;43;26;4;2;1107;614
04011322;Bürgerpark (Ortsteil);2022-12-31;Insgesamt;882;462;441;233;379;202;62;27;3583;1899
04011323;Barkhof (Ortsteil);2022-12-31;unter 6;58;24;19;8;33;14;6;2;104;53
04011323;Barkhof (Ortsteil);2022-12-31;6 - 15;61;29;25;12;29;12;7;5;77;38
04011323;Barkhof (Ortsteil);2022-12-31;15 - 18;18;8;6;3;11;5;1;0;39;19
04011323;Barkhof (Ortsteil);2022-12-31;18 - 25;34;19;23;13;10;6;1;0;146;83
04011323;Barkhof (Ortsteil);2022-12-31;25 - 30;64;34;36;20;27;13;1;1;200;92
04011323;Barkhof (Ortsteil);2022-12-31;30 - 50;261;144;157;91;88;43;16;10;694;337
04011323;Barkhof (Ortsteil);2022-12-31;50 - 65;89;53;46;25;37;25;6;3;585;281
04011323;Barkhof (Ortsteil);2022-12-31;65 oder mehr;70;47;24;17;38;23;8;7;552;301
04011323;Barkhof (Ortsteil);2022-12-31;Insgesamt;655;358;336;189;273;141;46;28;2397;1204
04011324;Riensberg (Ortsteil);2022-12-31;unter 6;136;53;45;17;79;29;12;7;199;111
04011324;Riensberg (Ortsteil);2022-12-31;6 - 15;195;97;75;39;110;52;10;6;257;140
04011324;Riensberg (Ortsteil);2022-12-31;15 - 18;49;25;21;10;24;14;4;1;98;35
04011324;Riensberg (Ortsteil);2022-12-31;18 - 25;109;56;60;31;43;21;6;4;300;152
04011324;Riensberg (Ortsteil);2022-12-31;25 - 30;125;72;87;56;30;13;8;3;352;176
04011324;Riensberg (Ortsteil);2022-12-31;30 - 50;505;292;282;177;179;93;44;22;1168;590
04011324;Riensberg (Ortsteil);2022-12-31;50 - 65;191;107;84;41;95;58;12;8;1119;609
04011324;Riensberg (Ortsteil);2022-12-31;65 oder mehr;138;78;57;32;64;37;17;9;1364;836
04011324;Riensberg (Ortsteil);2022-12-31;Insgesamt;1448;780;711;403;624;317;113;60;4857;2649
04011325;Radio Bremen (Ortsteil);2022-12-31;unter 6;181;82;56;24;106;47;19;11;200;107
04011325;Radio Bremen (Ortsteil);2022-12-31;6 - 15;239;118;91;39;134;72;14;7;362;193
04011325;Radio Bremen (Ortsteil);2022-12-31;15 - 18;57;29;19;10;34;16;4;3;133;69
04011325;Radio Bremen (Ortsteil);2022-12-31;18 - 25;116;58;63;33;46;22;7;3;367;187
04011325;Radio Bremen (Ortsteil);2022-12-31;25 - 30;175;90;114;63;50;22;11;5;385;192
04011325;Radio Bremen (Ortsteil);2022-12-31;30 - 50;627;335;368;190;200;113;59;32;1291;661
04011325;Radio Bremen (Ortsteil);2022-12-31;50 - 65;286;169;132;75;134;81;20;13;1256;649
04011325;Radio Bremen (Ortsteil);2022-12-31;65 oder mehr;178;104;71;43;86;46;21;15;1791;1032
04011325;Radio Bremen (Ortsteil);2022-12-31;Insgesamt;1859;985;914;477;790;419;155;89;5785;3090
04011326;Schwachhausen (Ortsteil);2022-12-31;unter 6;75;38;20;12;52;24;3;2;110;44
04011326;Schwachhausen (Ortsteil);2022-12-31;6 - 15;95;42;26;10;58;27;11;5;170;102
04011326;Schwachhausen (Ortsteil);2022-12-31;15 - 18;21;10;7;3;13;6;1;1;56;22
04011326;Schwachhausen (Ortsteil);2022-12-31;18 - 25;54;22;27;10;27;12;0;0;172;86
04011326;Schwachhausen (Ortsteil);2022-12-31;25 - 30;66;42;44;29;21;12;1;1;163;91
04011326;Schwachhausen (Ortsteil);2022-12-31;30 - 50;289;173;168;106;96;48;25;19;715;381
04011326;Schwachhausen (Ortsteil);2022-12-31;50 - 65;93;55;34;21;55;31;4;3;634;347
04011326;Schwachhausen (Ortsteil);2022-12-31;65 oder mehr;68;50;24;20;38;25;6;5;836;505
04011326;Schwachhausen (Ortsteil);2022-12-31;Insgesamt;761;432;350;211;360;185;51;36;2856;1578
04011327;Gete (Ortsteil);2022-12-31;unter 6;136;71;25;12;95;52;16;7;251;131
04011327;Gete (Ortsteil);2022-12-31;6 - 15;169;76;51;22;108;50;10;4;368;172
04011327;Gete (Ortsteil);2022-12-31;15 - 18;43;15;16;5;26;10;1;0;123;47
04011327;Gete (Ortsteil);2022-12-31;18 - 25;146;65;97;38;46;26;3;1;379;191
04011327;Gete (Ortsteil);2022-12-31;25 - 30;151;78;97;44;45;26;9;8;428;217
04011327;Gete (Ortsteil);2022-12-31;30 - 50;593;313;329;164;212;120;52;29;1672;848
04011327;Gete (Ortsteil);2022-12-31;50 - 65;246;127;118;61;115;57;13;9;1486;788
04011327;Gete (Ortsteil);2022-12-31;65 oder mehr;170;94;68;41;89;46;13;7;1819;1024
04011327;Gete (Ortsteil);2022-12-31;Insgesamt;1654;839;801;387;736;387;117;65;6526;3418
0401133;Vahr (Stadtteil);2022-12-31;unter 6;1524;729;695;320;726;361;103;48;339;159
0401133;Vahr (Stadtteil);2022-12-31;6 - 15;1814;810;702;306;909;415;203;89;493;227
0401133;Vahr (Stadtteil);2022-12-31;15 - 18;548;261;164;76;309;151;75;34;181;91
0401133;Vahr (Stadtteil);2022-12-31;18 - 25;930;425;487;227;343;147;100;51;893;455
0401133;Vahr (Stadtteil);2022-12-31;25 - 30;1109;510;718;330;300;136;91;44;732;355
0401133;Vahr (Stadtteil);2022-12-31;30 - 50;4605;2362;2590;1389;1305;643;710;330;2438;1175
0401133;Vahr (Stadtteil);2022-12-31;50 - 65;2522;1368;1035;561;912;486;575;321;2882;1472
0401133;Vahr (Stadtteil);2022-12-31;65 oder mehr;2045;1219;629;386;786;440;630;393;3940;2379
0401133;Vahr (Stadtteil);2022-12-31;Insgesamt;15097;7684;7020;3595;5590;2779;2487;1310;11898;6313
04011331;Gartenstadt Vahr (Ortsteil);2022-12-31;unter 6;295;127;105;49;177;75;13;3;152;61
04011331;Gartenstadt Vahr (Ortsteil);2022-12-31;6 - 15;329;144;88;41;217;93;24;10;205;94
04011331;Gartenstadt Vahr (Ortsteil);2022-12-31;15 - 18;103;42;22;9;69;28;12;5;95;53
04011331;Gartenstadt Vahr (Ortsteil);2022-12-31;18 - 25;184;73;96;36;71;28;17;9;281;137
04011331;Gartenstadt Vahr (Ortsteil);2022-12-31;25 - 30;225;95;143;57;72;33;10;5;231;121
04011331;Gartenstadt Vahr (Ortsteil);2022-12-31;30 - 50;928;479;501;263;339;184;88;32;978;478
04011331;Gartenstadt Vahr (Ortsteil);2022-12-31;50 - 65;505;272;207;109;223;112;75;51;1187;599
04011331;Gartenstadt Vahr (Ortsteil);2022-12-31;65 oder mehr;395;227;140;84;178;97;77;46;1570;910
04011331;Gartenstadt Vahr (Ortsteil);2022-12-31;Insgesamt;2964;1459;1302;648;1346;650;316;161;4699;2453
04011332;Neue Vahr Nord (Ortsteil);2022-12-31;unter 6;563;281;278;130;242;128;43;23;93;47
04011332;Neue Vahr Nord (Ortsteil);2022-12-31;6 - 15;709;324;299;138;319;150;91;36;136;61
04011332;Neue Vahr Nord (Ortsteil);2022-12-31;15 - 18;227;107;74;27;111;63;42;17;37;19
04011332;Neue Vahr Nord (Ortsteil);2022-12-31;18 - 25;364;175;195;105;120;48;49;22;230;124
04011332;Neue Vahr Nord (Ortsteil);2022-12-31;25 - 30;379;183;242;124;100;47;37;12;225;99
04011332;Neue Vahr Nord (Ortsteil);2022-12-31;30 - 50;1620;840;910;492;406;191;304;157;593;288
04011332;Neue Vahr Nord (Ortsteil);2022-12-31;50 - 65;803;425;334;188;268;136;201;101;596;311
04011332;Neue Vahr Nord (Ortsteil);2022-12-31;65 oder mehr;577;321;162;94;192;92;223;135;840;504
04011332;Neue Vahr Nord (Ortsteil);2022-12-31;Insgesamt;5242;2656;2494;1298;1758;855;990;503;2750;1453
04011334;Neue Vahr Südwest (Ortsteil);2022-12-31;unter 6;197;105;89;40;94;56;14;9;37;23
04011334;Neue Vahr Südwest (Ortsteil);2022-12-31;6 - 15;192;88;68;30;94;40;30;18;41;18
04011334;Neue Vahr Südwest (Ortsteil);2022-12-31;15 - 18;54;30;20;14;31;13;3;3;14;6
04011334;Neue Vahr Südwest (Ortsteil);2022-12-31;18 - 25;103;48;55;20;34;20;14;8;149;79
04011334;Neue Vahr Südwest (Ortsteil);2022-12-31;25 - 30;173;77;108;47;47;20;18;10;113;53
04011334;Neue Vahr Südwest (Ortsteil);2022-12-31;30 - 50;682;342;403;208;186;90;93;44;328;145
04011334;Neue Vahr Südwest (Ortsteil);2022-12-31;50 - 65;446;258;163;91;158;93;125;74;407;213
04011334;Neue Vahr Südwest (Ortsteil);2022-12-31;65 oder mehr;439;281;135;86;171;110;133;85;661;434
04011334;Neue Vahr Südwest (Ortsteil);2022-12-31;Insgesamt;2286;1229;1041;536;815;442;430;251;1750;971
04011335;Neue Vahr Südost (Ortsteil);2022-12-31;unter 6;469;216;223;101;213;102;33;13;57;28
04011335;Neue Vahr Südost (Ortsteil);2022-12-31;6 - 15;584;254;247;97;279;132;58;25;111;54
04011335;Neue Vahr Südost (Ortsteil);2022-12-31;15 - 18;164;82;48;26;98;47;18;9;35;13
04011335;Neue Vahr Südost (Ortsteil);2022-12-31;18 - 25;279;129;141;66;118;51;20;12;233;115
04011335;Neue Vahr Südost (Ortsteil);2022-12-31;25 - 30;332;155;225;102;81;36;26;17;163;82
04011335;Neue Vahr Südost (Ortsteil);2022-12-31;30 - 50;1375;701;776;426;374;178;225;97;539;264
04011335;Neue Vahr Südost (Ortsteil);2022-12-31;50 - 65;768;413;331;173;263;145;174;95;692;349
04011335;Neue Vahr Südost (Ortsteil);2022-12-31;65 oder mehr;634;390;192;122;245;141;197;127;869;531
04011335;Neue Vahr Südost (Ortsteil);2022-12-31;Insgesamt;4605;2340;2183;1113;1671;832;751;395;2699;1436
0401134;Horn-Lehe (Stadtteil);2022-12-31;unter 6;669;324;194;99;400;187;75;38;629;306
0401134;Horn-Lehe (Stadtteil);2022-12-31;6 - 15;864;416;294;146;482;224;88;46;1055;513
0401134;Horn-Lehe (Stadtteil);2022-12-31;15 - 18;269;138;90;39;156;85;23;14;329;149
0401134;Horn-Lehe (Stadtteil);2022-12-31;18 - 25;1156;545;806;370;300;146;50;29;1875;949
0401134;Horn-Lehe (Stadtteil);2022-12-31;25 - 30;1333;587;1119;480;173;89;41;18;1255;600
0401134;Horn-Lehe (Stadtteil);2022-12-31;30 - 50;2746;1359;1629;784;845;422;272;153;4086;2015
0401134;Horn-Lehe (Stadtteil);2022-12-31;50 - 65;952;514;373;194;437;238;142;82;3870;1979
0401134;Horn-Lehe (Stadtteil);2022-12-31;65 oder mehr;686;394;228;135;338;189;120;70;5702;3372
0401134;Horn-Lehe (Stadtteil);2022-12-31;Insgesamt;8675;4277;4733;2247;3131;1580;811;450;18801;9883
04011341;Horn (Ortsteil);2022-12-31;unter 6;88;46;8;3;65;32;15;11;132;66
04011341;Horn (Ortsteil);2022-12-31;6 - 15;176;84;23;14;128;57;25;13;242;126
04011341;Horn (Ortsteil);2022-12-31;15 - 18;55;37;10;6;36;25;9;6;87;40
04011341;Horn (Ortsteil);2022-12-31;18 - 25;78;42;41;17;31;20;6;5;248;120
04011341;Horn (Ortsteil);2022-12-31;25 - 30;68;42;36;23;27;15;5;4;173;73
04011341;Horn (Ortsteil);2022-12-31;30 - 50;360;190;133;64;171;89;56;37;680;344
04011341;Horn (Ortsteil);2022-12-31;50 - 65;197;107;59;33;103;51;35;23;871;456
04011341;Horn (Ortsteil);2022-12-31;65 oder mehr;162;88;50;26;87;48;25;14;1390;812
04011341;Horn (Ortsteil);2022-12-31;Insgesamt;1184;636;360;186;648;337;176;113;3823;2037
04011342;Lehe (Ortsteil);2022-12-31;unter 6;170;83;60;25;95;50;15;8;162;77
04011342;Lehe (Ortsteil);2022-12-31;6 - 15;206;96;99;47;94;43;13;6;231;119
04011342;Lehe (Ortsteil);2022-12-31;15 - 18;71;32;31;10;35;20;5;2;82;41
04011342;Lehe (Ortsteil);2022-12-31;18 - 25;862;400;646;297;189;89;27;14;1037;529
04011342;Lehe (Ortsteil);2022-12-31;25 - 30;1051;441;942;389;90;43;19;9;653;315
04011342;Lehe (Ortsteil);2022-12-31;30 - 50;1235;543;904;381;252;121;79;41;1371;646
04011342;Lehe (Ortsteil);2022-12-31;50 - 65;251;134;98;48;122;68;31;18;1107;565
04011342;Lehe (Ortsteil);2022-12-31;65 oder mehr;176;102;62;38;85;48;29;16;1703;1027
04011342;Lehe (Ortsteil);2022-12-31;Insgesamt;4022;1831;2842;1235;962;482;218;114;6346;3319
04011343;Lehesterdeich (Ortsteil);2022-12-31;unter 6;411;195;126;71;240;105;45;19;335;163
04011343;Lehesterdeich (Ortsteil);2022-12-31;6 - 15;482;236;172;85;260;124;50;27;582;268
04011343;Lehesterdeich (Ortsteil);2022-12-31;15 - 18;143;69;49;23;85;40;9;6;160;68
04011343;Lehesterdeich (Ortsteil);2022-12-31;18 - 25;216;103;119;56;80;37;17;10;590;300
04011343;Lehesterdeich (Ortsteil);2022-12-31;25 - 30;214;104;141;68;56;31;17;5;429;212
04011343;Lehesterdeich (Ortsteil);2022-12-31;30 - 50;1151;626;592;339;422;212;137;75;2035;1025
04011343;Lehesterdeich (Ortsteil);2022-12-31;50 - 65;504;273;216;113;212;119;76;41;1892;958
04011343;Lehesterdeich (Ortsteil);2022-12-31;65 oder mehr;348;204;116;71;166;93;66;40;2609;1533
04011343;Lehesterdeich (Ortsteil);2022-12-31;Insgesamt;3469;1810;1531;826;1521;761;417;223;8632;4527
04011351;Borgfeld (Ortsteil);2022-12-31;unter 6;126;64;17;9;95;49;14;6;313;150
04011351;Borgfeld (Ortsteil);2022-12-31;6 - 15;259;120;39;19;168;76;52;25;773;386
04011351;Borgfeld (Ortsteil);2022-12-31;15 - 18;95;44;9;5;69;30;17;9;322;169
04011351;Borgfeld (Ortsteil);2022-12-31;18 - 25;111;41;61;18;43;19;7;4;536;256
04011351;Borgfeld (Ortsteil);2022-12-31;25 - 30;49;23;24;11;22;10;3;2;191;77
04011351;Borgfeld (Ortsteil);2022-12-31;30 - 50;440;252;180;97;186;108;74;47;1517;824
04011351;Borgfeld (Ortsteil);2022-12-31;50 - 65;303;159;98;57;168;80;37;22;2177;1086
04011351;Borgfeld (Ortsteil);2022-12-31;65 oder mehr;138;77;51;34;68;34;19;9;1778;953
04011351;Borgfeld (Ortsteil);2022-12-31;Insgesamt;1521;780;479;250;819;406;223;124;7607;3901
0401136;Oberneuland (Stadtteil);2022-12-31;unter 6;340;173;63;33;219;110;58;30;421;203
0401136;Oberneuland (Stadtteil);2022-12-31;6 - 15;555;271;151;77;319;152;85;42;736;369
0401136;Oberneuland (Stadtteil);2022-12-31;15 - 18;151;62;35;14;99;40;17;8;303;135
0401136;Oberneuland (Stadtteil);2022-12-31;18 - 25;158;84;65;39;83;41;10;4;631;292
0401136;Oberneuland (Stadtteil);2022-12-31;25 - 30;157;87;86;45;58;33;13;9;313;159
0401136;Oberneuland (Stadtteil);2022-12-31;30 - 50;1057;595;442;255;442;238;173;102;2044;1084
0401136;Oberneuland (Stadtteil);2022-12-31;50 - 65;593;332;179;99;303;170;111;63;2645;1352
0401136;Oberneuland (Stadtteil);2022-12-31;65 oder mehr;393;201;113;64;207;95;73;42;3473;1867
0401136;Oberneuland (Stadtteil);2022-12-31;Insgesamt;3404;1805;1134;626;1730;879;540;300;10566;5461
04011361;Oberneuland (Ortsteil);2022-12-31;unter 6;340;173;63;33;219;110;58;30;421;203
04011361;Oberneuland (Ortsteil);2022-12-31;6 - 15;555;271;151;77;319;152;85;42;736;369
04011361;Oberneuland (Ortsteil);2022-12-31;15 - 18;151;62;35;14;99;40;17;8;303;135
04011361;Oberneuland (Ortsteil);2022-12-31;18 - 25;158;84;65;39;83;41;10;4;631;292
04011361;Oberneuland (Ortsteil);2022-12-31;25 - 30;157;87;86;45;58;33;13;9;313;159
04011361;Oberneuland (Ortsteil);2022-12-31;30 - 50;1057;595;442;255;442;238;173;102;2044;1084
04011361;Oberneuland (Ortsteil);2022-12-31;50 - 65;593;332;179;99;303;170;111;63;2645;1352
04011361;Oberneuland (Ortsteil);2022-12-31;65 oder mehr;393;201;113;64;207;95;73;42;3473;1867
04011361;Oberneuland (Ortsteil);2022-12-31;Insgesamt;3404;1805;1134;626;1730;879;540;300;10566;5461
0401137;Osterholz (Stadtteil);2022-12-31;unter 6;2017;954;683;327;1095;521;239;106;488;238
0401137;Osterholz (Stadtteil);2022-12-31;6 - 15;3003;1484;1030;525;1541;728;432;231;757;389
0401137;Osterholz (Stadtteil);2022-12-31;15 - 18;1000;478;281;124;569;284;150;70;274;137
0401137;Osterholz (Stadtteil);2022-12-31;18 - 25;1422;627;650;283;639;287;133;57;1433;749
0401137;Osterholz (Stadtteil);2022-12-31;25 - 30;1319;616;714;326;488;224;117;66;868;430
0401137;Osterholz (Stadtteil);2022-12-31;30 - 50;6073;3103;2961;1532;1998;997;1114;574;2992;1468
0401137;Osterholz (Stadtteil);2022-12-31;50 - 65;3742;1925;1494;778;1359;704;889;443;4151;2093
0401137;Osterholz (Stadtteil);2022-12-31;65 oder mehr;2438;1351;730;418;902;473;806;460;5979;3487
0401137;Osterholz (Stadtteil);2022-12-31;Insgesamt;21014;10538;8543;4313;8591;4218;3880;2007;16942;8991
04011371;Ellener Feld (Ortsteil);2022-12-31;unter 6;113;47;25;13;72;28;16;6;43;24
04011371;Ellener Feld (Ortsteil);2022-12-31;6 - 15;114;64;34;21;66;36;14;7;79;36
04011371;Ellener Feld (Ortsteil);2022-12-31;15 - 18;28;16;3;2;21;12;4;2;25;14
04011371;Ellener Feld (Ortsteil);2022-12-31;18 - 25;77;28;46;16;28;9;3;3;162;90
04011371;Ellener Feld (Ortsteil);2022-12-31;25 - 30;119;58;77;36;35;18;7;4;132;62
04011371;Ellener Feld (Ortsteil);2022-12-31;30 - 50;372;175;184;86;125;56;63;33;373;187
04011371;Ellener Feld (Ortsteil);2022-12-31;50 - 65;215;114;87;46;77;36;51;32;551;276
04011371;Ellener Feld (Ortsteil);2022-12-31;65 oder mehr;120;68;37;22;58;31;25;15;804;493
04011371;Ellener Feld (Ortsteil);2022-12-31;Insgesamt;1158;570;493;242;482;226;183;102;2169;1182
04011372;Ellenerbrok-Schevemoor (Ortsteil);2022-12-31;unter 6;602;300;191;90;335;171;76;39;156;78
04011372;Ellenerbrok-Schevemoor (Ortsteil);2022-12-31;6 - 15;895;442;296;141;473;228;126;73;246;132
04011372;Ellenerbrok-Schevemoor (Ortsteil);2022-12-31;15 - 18;301;147;82;35;169;89;50;23;85;45
04011372;Ellenerbrok-Schevemoor (Ortsteil);2022-12-31;18 - 25;426;200;204;89;185;95;37;16;500;249
04011372;Ellenerbrok-Schevemoor (Ortsteil);2022-12-31;25 - 30;421;199;236;110;148;64;37;25;318;159
04011372;Ellenerbrok-Schevemoor (Ortsteil);2022-12-31;30 - 50;1890;960;931;472;628;307;331;181;1042;516
04011372;Ellenerbrok-Schevemoor (Ortsteil);2022-12-31;50 - 65;984;509;394;201;358;198;232;110;1479;731
04011372;Ellenerbrok-Schevemoor (Ortsteil);2022-12-31;65 oder mehr;760;426;232;144;263;134;265;148;2009;1201
04011372;Ellenerbrok-Schevemoor (Ortsteil);2022-12-31;Insgesamt;6279;3183;2566;1282;2559;1286;1154;615;5835;3111
04011373;Tenever (Ortsteil);2022-12-31;unter 6;720;337;300;137;370;182;50;18;93;41
04011373;Tenever (Ortsteil);2022-12-31;6 - 15;1170;564;489;247;564;263;117;54;155;71
04011373;Tenever (Ortsteil);2022-12-31;15 - 18;402;182;135;56;222;104;45;22;45;16
04011373;Tenever (Ortsteil);2022-12-31;18 - 25;555;250;231;102;272;124;52;24;334;200
04011373;Tenever (Ortsteil);2022-12-31;25 - 30;431;196;227;110;166;70;38;16;150;75
04011373;Tenever (Ortsteil);2022-12-31;30 - 50;1875;1014;1009;571;584;304;282;139;432;221
04011373;Tenever (Ortsteil);2022-12-31;50 - 65;1290;668;550;292;451;236;289;140;620;321
04011373;Tenever (Ortsteil);2022-12-31;65 oder mehr;729;418;218;127;282;150;229;141;1166;689
04011373;Tenever (Ortsteil);2022-12-31;Insgesamt;7172;3629;3159;1642;2911;1433;1102;554;2995;1634
04011374;Osterholz (Ortsteil);2022-12-31;unter 6;223;94;21;9;140;59;62;26;129;64
04011374;Osterholz (Ortsteil);2022-12-31;6 - 15;322;155;33;19;188;84;101;52;187;105
04011374;Osterholz (Ortsteil);2022-12-31;15 - 18;109;50;20;8;66;28;23;14;80;46
04011374;Osterholz (Ortsteil);2022-12-31;18 - 25;120;56;41;21;62;28;17;7;264;127
04011374;Osterholz (Ortsteil);2022-12-31;25 - 30;87;42;30;12;50;25;7;5;163;81
04011374;Osterholz (Ortsteil);2022-12-31;30 - 50;779;403;220;111;340;175;219;117;744;369
04011374;Osterholz (Ortsteil);2022-12-31;50 - 65;391;192;104;53;183;88;104;51;911;469
04011374;Osterholz (Ortsteil);2022-12-31;65 oder mehr;194;100;57;27;92;49;45;24;1115;597
04011374;Osterholz (Ortsteil);2022-12-31;Insgesamt;2225;1092;526;260;1121;536;578;296;3593;1858
04011375;Blockdiek (Ortsteil);2022-12-31;unter 6;359;176;146;78;178;81;35;17;67;31
04011375;Blockdiek (Ortsteil);2022-12-31;6 - 15;502;259;178;97;250;117;74;45;90;45
04011375;Blockdiek (Ortsteil);2022-12-31;15 - 18;160;83;41;23;91;51;28;9;39;16
04011375;Blockdiek (Ortsteil);2022-12-31;18 - 25;244;93;128;55;92;31;24;7;173;83
04011375;Blockdiek (Ortsteil);2022-12-31;25 - 30;261;121;144;58;89;47;28;16;105;53
04011375;Blockdiek (Ortsteil);2022-12-31;30 - 50;1157;551;617;292;321;155;219;104;401;175
04011375;Blockdiek (Ortsteil);2022-12-31;50 - 65;862;442;359;186;290;146;213;110;590;296
04011375;Blockdiek (Ortsteil);2022-12-31;65 oder mehr;635;339;186;98;207;109;242;132;885;507
04011375;Blockdiek (Ortsteil);2022-12-31;Insgesamt;4180;2064;1799;887;1518;737;863;440;2350;1206
0401138;Hemelingen (Stadtteil);2022-12-31;unter 6;1784;880;663;333;1012;494;109;53;777;366
0401138;Hemelingen (Stadtteil);2022-12-31;6 - 15;2444;1187;1004;481;1235;604;205;102;1186;560
0401138;Hemelingen (Stadtteil);2022-12-31;15 - 18;805;349;339;127;411;198;55;24;485;223
0401138;Hemelingen (Stadtteil);2022-12-31;18 - 25;1575;661;939;388;573;247;63;26;1824;863
0401138;Hemelingen (Stadtteil);2022-12-31;25 - 30;1376;616;921;403;398;179;57;34;1411;665
0401138;Hemelingen (Stadtteil);2022-12-31;30 - 50;5816;2702;3564;1648;1714;793;538;261;5553;2709
0401138;Hemelingen (Stadtteil);2022-12-31;50 - 65;2855;1340;1618;739;889;424;348;177;6661;3242
0401138;Hemelingen (Stadtteil);2022-12-31;65 oder mehr;1533;867;805;463;456;246;272;158;7141;3997
0401138;Hemelingen (Stadtteil);2022-12-31;Insgesamt;18188;8602;9853;4582;6688;3185;1647;835;25038;12625
04011381;Sebaldsbrück (Ortsteil);2022-12-31;unter 6;415;216;132;67;253;131;30;18;159;70
04011381;Sebaldsbrück (Ortsteil);2022-12-31;6 - 15;552;288;184;100;318;162;50;26;269;126
04011381;Sebaldsbrück (Ortsteil);2022-12-31;15 - 18;183;84;63;25;105;55;15;4;87;36
04011381;Sebaldsbrück (Ortsteil);2022-12-31;18 - 25;305;125;164;67;127;52;14;6;395;188
04011381;Sebaldsbrück (Ortsteil);2022-12-31;25 - 30;318;152;204;96;95;42;19;14;268;128
04011381;Sebaldsbrück (Ortsteil);2022-12-31;30 - 50;1415;663;801;385;482;222;132;56;1187;562
04011381;Sebaldsbrück (Ortsteil);2022-12-31;50 - 65;765;370;386;185;281;136;98;49;1493;720
04011381;Sebaldsbrück (Ortsteil);2022-12-31;65 oder mehr;408;228;215;125;133;74;60;29;1742;971
04011381;Sebaldsbrück (Ortsteil);2022-12-31;Insgesamt;4361;2126;2149;1050;1794;874;418;202;5600;2801
04011382;Hastedt (Ortsteil);2022-12-31;unter 6;338;170;153;79;168;83;17;8;217;113
04011382;Hastedt (Ortsteil);2022-12-31;6 - 15;350;166;172;73;151;79;27;14;310;146
04011382;Hastedt (Ortsteil);2022-12-31;15 - 18;128;38;80;22;47;16;1;0;115;51
04011382;Hastedt (Ortsteil);2022-12-31;18 - 25;391;153;291;108;93;42;7;3;547;272
04011382;Hastedt (Ortsteil);2022-12-31;25 - 30;361;145;277;113;74;27;10;5;537;256
04011382;Hastedt (Ortsteil);2022-12-31;30 - 50;1258;541;880;358;296;140;82;43;1771;871
04011382;Hastedt (Ortsteil);2022-12-31;50 - 65;539;231;354;140;159;76;26;15;1893;951
04011382;Hastedt (Ortsteil);2022-12-31;65 oder mehr;262;145;162;88;76;45;24;12;1627;945
04011382;Hastedt (Ortsteil);2022-12-31;Insgesamt;3627;1589;2369;981;1064;508;194;100;7017;3605
04011383;Hemelingen (Ortsteil);2022-12-31;unter 6;568;265;228;107;319;148;21;10;149;66
04011383;Hemelingen (Ortsteil);2022-12-31;6 - 15;899;441;425;202;432;214;42;25;241;113
04011383;Hemelingen (Ortsteil);2022-12-31;15 - 18;311;143;145;60;153;77;13;6;101;49
04011383;Hemelingen (Ortsteil);2022-12-31;18 - 25;589;252;346;145;226;100;17;7;406;183
04011383;Hemelingen (Ortsteil);2022-12-31;25 - 30;457;196;306;126;136;63;15;7;289;135
04011383;Hemelingen (Ortsteil);2022-12-31;30 - 50;1882;848;1263;575;507;223;112;50;1162;544
04011383;Hemelingen (Ortsteil);2022-12-31;50 - 65;904;413;607;280;229;103;68;30;1320;595
04011383;Hemelingen (Ortsteil);2022-12-31;65 oder mehr;451;256;294;173;100;49;57;34;1323;728
04011383;Hemelingen (Ortsteil);2022-12-31;Insgesamt;6061;2814;3614;1668;2102;977;345;169;4991;2413
04011384;Arbergen (Ortsteil);2022-12-31;unter 6;198;99;62;34;125;61;11;4;131;59
04011384;Arbergen (Ortsteil);2022-12-31;6 - 15;296;137;97;49;154;69;45;19;229;113
04011384;Arbergen (Ortsteil);2022-12-31;15 - 18;100;43;22;6;64;30;14;7;100;50
04011384;Arbergen (Ortsteil);2022-12-31;18 - 25;136;66;61;36;66;26;9;4;244;110
04011384;Arbergen (Ortsteil);2022-12-31;25 - 30;103;54;53;25;46;25;4;4;159;77
04011384;Arbergen (Ortsteil);2022-12-31;30 - 50;551;293;270;149;200;99;81;45;785;412
04011384;Arbergen (Ortsteil);2022-12-31;50 - 65;286;142;117;58;104;46;65;38;1054;528
04011384;Arbergen (Ortsteil);2022-12-31;65 oder mehr;157;89;62;35;58;31;37;23;1373;763
04011384;Arbergen (Ortsteil);2022-12-31;Insgesamt;1827;923;744;392;817;387;266;144;4075;2112
04011385;Mahndorf (Ortsteil);2022-12-31;unter 6;265;130;88;46;147;71;30;13;121;58
04011385;Mahndorf (Ortsteil);2022-12-31;6 - 15;347;155;126;57;180;80;41;18;137;62
04011385;Mahndorf (Ortsteil);2022-12-31;15 - 18;83;41;29;14;42;20;12;7;82;37
04011385;Mahndorf (Ortsteil);2022-12-31;18 - 25;154;65;77;32;61;27;16;6;232;110
04011385;Mahndorf (Ortsteil);2022-12-31;25 - 30;137;69;81;43;47;22;9;4;158;69
04011385;Mahndorf (Ortsteil);2022-12-31;30 - 50;710;357;350;181;229;109;131;67;648;320
04011385;Mahndorf (Ortsteil);2022-12-31;50 - 65;361;184;154;76;116;63;91;45;901;448
04011385;Mahndorf (Ortsteil);2022-12-31;65 oder mehr;255;149;72;42;89;47;94;60;1076;590
04011385;Mahndorf (Ortsteil);2022-12-31;Insgesamt;2312;1150;977;491;911;439;424;220;3355;1694
040114;West (Stadtbezirk);2022-12-31;unter 6;4195;2053;1780;856;2292;1127;123;70;1639;797
040114;West (Stadtbezirk);2022-12-31;6 - 15;5328;2586;2290;1106;2911;1423;127;57;2265;1078
040114;West (Stadtbezirk);2022-12-31;15 - 18;1710;783;721;313;955;458;34;12;816;382
040114;West (Stadtbezirk);2022-12-31;18 - 25;4305;1859;2872;1136;1356;682;77;41;4061;2089
040114;West (Stadtbezirk);2022-12-31;25 - 30;4014;1740;2962;1232;941;456;111;52;3989;1991
040114;West (Stadtbezirk);2022-12-31;30 - 50;13411;6248;9312;4328;3526;1645;573;275;12780;6212
040114;West (Stadtbezirk);2022-12-31;50 - 65;5995;2748;3850;1753;1819;810;326;185;13143;6622
040114;West (Stadtbezirk);2022-12-31;65 oder mehr;3154;1687;1930;1067;927;445;297;175;13639;7735
040114;West (Stadtbezirk);2022-12-31;Insgesamt;42112;19704;25717;11791;14727;7046;1668;867;52332;26906
04011411;Blockland (Ortsteil);2022-12-31;unter 6;5;2;1;1;4;1;0;0;25;10
04011411;Blockland (Ortsteil);2022-12-31;6 - 15;4;1;3;0;1;1;0;0;37;17
04011411;Blockland (Ortsteil);2022-12-31;15 - 18;0;0;0;0;0;0;0;0;6;3
04011411;Blockland (Ortsteil);2022-12-31;18 - 25;4;3;4;3;0;0;0;0;15;8
04011411;Blockland (Ortsteil);2022-12-31;25 - 30;2;2;1;1;1;1;0;0;16;8
04011411;Blockland (Ortsteil);2022-12-31;30 - 50;6;3;3;2;3;1;0;0;111;55
04011411;Blockland (Ortsteil);2022-12-31;50 - 65;4;2;2;1;2;1;0;0;100;46
04011411;Blockland (Ortsteil);2022-12-31;65 oder mehr;3;3;3;3;0;0;0;0;94;52
04011411;Blockland (Ortsteil);2022-12-31;Insgesamt;28;16;17;11;11;5;0;0;404;199
0401142;Findorff (Stadtteil);2022-12-31;unter 6;525;251;172;82;304;138;49;31;638;293
0401142;Findorff (Stadtteil);2022-12-31;6 - 15;650;312;203;101;418;198;29;13;836;406
0401142;Findorff (Stadtteil);2022-12-31;15 - 18;178;89;52;23;121;65;5;1;280;137
0401142;Findorff (Stadtteil);2022-12-31;18 - 25;605;258;398;154;189;96;18;8;1452;767
0401142;Findorff (Stadtteil);2022-12-31;25 - 30;719;329;511;219;168;90;40;20;1694;902
0401142;Findorff (Stadtteil);2022-12-31;30 - 50;2199;1115;1307;671;717;350;175;94;4692;2352
0401142;Findorff (Stadtteil);2022-12-31;50 - 65;958;511;465;242;419;219;74;50;4446;2351
0401142;Findorff (Stadtteil);2022-12-31;65 oder mehr;618;336;315;177;238;116;65;43;4977;2845
0401142;Findorff (Stadtteil);2022-12-31;Insgesamt;6452;3201;3423;1669;2574;1272;455;260;19015;10053
04011421;Regensburger Straße (Ortsteil);2022-12-31;unter 6;158;70;56;28;88;36;14;6;180;65
04011421;Regensburger Straße (Ortsteil);2022-12-31;6 - 15;192;91;70;33;114;53;8;5;228;113
04011421;Regensburger Straße (Ortsteil);2022-12-31;15 - 18;53;28;13;9;38;19;2;0;64;31
04011421;Regensburger Straße (Ortsteil);2022-12-31;18 - 25;221;101;144;60;72;38;5;3;435;239
04011421;Regensburger Straße (Ortsteil);2022-12-31;25 - 30;231;89;169;61;56;25;6;3;512;271
04011421;Regensburger Straße (Ortsteil);2022-12-31;30 - 50;685;325;443;215;200;89;42;21;1317;647
04011421;Regensburger Straße (Ortsteil);2022-12-31;50 - 65;300;151;184;95;104;46;12;10;1152;611
04011421;Regensburger Straße (Ortsteil);2022-12-31;65 oder mehr;168;94;108;61;44;23;16;10;954;529
04011421;Regensburger Straße (Ortsteil);2022-12-31;Insgesamt;2008;949;1187;562;716;329;105;58;4842;2506
04011422;Findorff-Bürgerweide (Ortsteil);2022-12-31;unter 6;111;60;45;21;60;36;6;3;140;71
04011422;Findorff-Bürgerweide (Ortsteil);2022-12-31;6 - 15;170;75;51;25;114;47;5;3;171;79
04011422;Findorff-Bürgerweide (Ortsteil);2022-12-31;15 - 18;56;29;17;10;38;19;1;0;66;34
04011422;Findorff-Bürgerweide (Ortsteil);2022-12-31;18 - 25;174;66;123;40;46;24;5;2;435;235
04011422;Findorff-Bürgerweide (Ortsteil);2022-12-31;25 - 30;217;111;152;73;54;32;11;6;586;324
04011422;Findorff-Bürgerweide (Ortsteil);2022-12-31;30 - 50;616;323;382;205;190;93;44;25;1254;590
04011422;Findorff-Bürgerweide (Ortsteil);2022-12-31;50 - 65;258;142;129;71;112;62;17;9;1015;511
04011422;Findorff-Bürgerweide (Ortsteil);2022-12-31;65 oder mehr;168;83;87;44;72;33;9;6;810;430
04011422;Findorff-Bürgerweide (Ortsteil);2022-12-31;Insgesamt;1770;889;986;489;686;346;98;54;4477;2274
04011423;Weidedamm (Ortsteil);2022-12-31;unter 6;255;121;70;33;156;66;29;22;315;156
04011423;Weidedamm (Ortsteil);2022-12-31;6 - 15;284;144;80;42;188;97;16;5;435;213
04011423;Weidedamm (Ortsteil);2022-12-31;15 - 18;68;31;22;4;44;26;2;1;149;72
04011423;Weidedamm (Ortsteil);2022-12-31;18 - 25;206;89;129;53;69;33;8;3;576;290
04011423;Weidedamm (Ortsteil);2022-12-31;25 - 30;269;128;188;84;58;33;23;11;590;306
04011423;Weidedamm (Ortsteil);2022-12-31;30 - 50;890;462;477;248;325;167;88;47;2102;1106
04011423;Weidedamm (Ortsteil);2022-12-31;50 - 65;394;215;148;75;202;110;44;30;2236;1209
04011423;Weidedamm (Ortsteil);2022-12-31;65 oder mehr;277;157;116;70;121;60;40;27;3154;1854
04011423;Weidedamm (Ortsteil);2022-12-31;Insgesamt;2643;1347;1230;609;1163;592;250;146;9557;5206
04011424;In den Hufen (Ortsteil);2022-12-31;unter 6;1;0;1;0;0;0;0;0;3;1
04011424;In den Hufen (Ortsteil);2022-12-31;6 - 15;4;2;2;1;2;1;0;0;2;1
04011424;In den Hufen (Ortsteil);2022-12-31;15 - 18;1;1;0;0;1;1;0;0;1;0
04011424;In den Hufen (Ortsteil);2022-12-31;18 - 25;4;2;2;1;2;1;0;0;6;3
04011424;In den Hufen (Ortsteil);2022-12-31;25 - 30;2;1;2;1;0;0;0;0;6;1
04011424;In den Hufen (Ortsteil);2022-12-31;30 - 50;8;5;5;3;2;1;1;1;19;9
04011424;In den Hufen (Ortsteil);2022-12-31;50 - 65;6;3;4;1;1;1;1;1;43;20
04011424;In den Hufen (Ortsteil);2022-12-31;65 oder mehr;5;2;4;2;1;0;0;0;59;32
04011424;In den Hufen (Ortsteil);2022-12-31;Insgesamt;31;16;20;9;9;5;2;2;139;67
0401143;Walle (Stadtteil);2022-12-31;unter 6;1406;693;558;279;808;392;40;22;563;284
0401143;Walle (Stadtteil);2022-12-31;6 - 15;1672;835;659;325;971;492;42;18;732;353
0401143;Walle (Stadtteil);2022-12-31;15 - 18;519;224;197;78;308;140;14;6;282;125
0401143;Walle (Stadtteil);2022-12-31;18 - 25;1443;631;962;372;448;238;33;21;1518;775
0401143;Walle (Stadtteil);2022-12-31;25 - 30;1437;641;1007;438;385;182;45;21;1574;746
0401143;Walle (Stadtteil);2022-12-31;30 - 50;4402;2070;2902;1361;1303;610;197;99;4792;2305
0401143;Walle (Stadtteil);2022-12-31;50 - 65;1845;845;1176;526;578;264;91;55;4652;2282
0401143;Walle (Stadtteil);2022-12-31;65 oder mehr;892;486;531;298;278;140;83;48;4208;2370
0401143;Walle (Stadtteil);2022-12-31;Insgesamt;13616;6425;7992;3677;5079;2458;545;290;18321;9240
04011431;Utbremen (Ortsteil);2022-12-31;unter 6;165;79;64;36;99;41;2;2;44;18
04011431;Utbremen (Ortsteil);2022-12-31;6 - 15;195;113;68;31;127;82;0;0;63;28
04011431;Utbremen (Ortsteil);2022-12-31;15 - 18;66;25;19;8;43;16;4;1;28;7
04011431;Utbremen (Ortsteil);2022-12-31;18 - 25;148;71;78;28;70;43;0;0;142;75
04011431;Utbremen (Ortsteil);2022-12-31;25 - 30;141;59;95;39;43;19;3;1;125;56
04011431;Utbremen (Ortsteil);2022-12-31;30 - 50;477;228;293;147;166;72;18;9;358;197
04011431;Utbremen (Ortsteil);2022-12-31;50 - 65;230;111;137;64;79;42;14;5;408;214
04011431;Utbremen (Ortsteil);2022-12-31;65 oder mehr;127;70;84;48;33;15;10;7;486;279
04011431;Utbremen (Ortsteil);2022-12-31;Insgesamt;1549;756;838;401;660;330;51;25;1654;874
04011432;Steffensweg (Ortsteil);2022-12-31;unter 6;163;78;67;30;94;48;2;0;83;44
04011432;Steffensweg (Ortsteil);2022-12-31;6 - 15;224;105;97;45;124;58;3;2;83;43
04011432;Steffensweg (Ortsteil);2022-12-31;15 - 18;64;29;18;6;46;23;0;0;35;21
04011432;Steffensweg (Ortsteil);2022-12-31;18 - 25;236;101;163;61;68;37;5;3;188;96
04011432;Steffensweg (Ortsteil);2022-12-31;25 - 30;181;80;140;61;34;15;7;4;223;101
04011432;Steffensweg (Ortsteil);2022-12-31;30 - 50;631;284;448;206;167;73;16;5;671;315
04011432;Steffensweg (Ortsteil);2022-12-31;50 - 65;259;109;168;61;83;42;8;6;662;311
04011432;Steffensweg (Ortsteil);2022-12-31;65 oder mehr;143;77;99;51;36;20;8;6;622;390
04011432;Steffensweg (Ortsteil);2022-12-31;Insgesamt;1901;863;1200;521;652;316;49;26;2567;1321
04011433;Westend (Ortsteil);2022-12-31;unter 6;235;110;111;51;116;54;8;5;120;51
04011433;Westend (Ortsteil);2022-12-31;6 - 15;301;151;147;69;146;79;8;3;146;68
04011433;Westend (Ortsteil);2022-12-31;15 - 18;93;46;46;25;47;21;0;0;67;25
04011433;Westend (Ortsteil);2022-12-31;18 - 25;296;139;217;98;75;39;4;2;333;183
04011433;Westend (Ortsteil);2022-12-31;25 - 30;324;136;241;95;73;34;10;7;327;164
04011433;Westend (Ortsteil);2022-12-31;30 - 50;892;408;641;281;219;106;32;21;1047;490
04011433;Westend (Ortsteil);2022-12-31;50 - 65;373;179;259;124;98;43;16;12;916;462
04011433;Westend (Ortsteil);2022-12-31;65 oder mehr;182;107;113;66;52;30;17;11;856;489
04011433;Westend (Ortsteil);2022-12-31;Insgesamt;2696;1276;1775;809;826;406;95;61;3812;1932
04011434;Walle (Ortsteil);2022-12-31;unter 6;315;156;117;54;192;98;6;4;112;57
04011434;Walle (Ortsteil);2022-12-31;6 - 15;418;191;147;72;262;115;9;4;216;116
04011434;Walle (Ortsteil);2022-12-31;15 - 18;137;52;54;17;79;33;4;2;84;37
04011434;Walle (Ortsteil);2022-12-31;18 - 25;344;153;229;91;105;55;10;7;359;189
04011434;Walle (Ortsteil);2022-12-31;25 - 30;308;144;224;104;77;38;7;2;301;140
04011434;Walle (Ortsteil);2022-12-31;30 - 50;1000;499;634;310;324;170;42;19;1073;555
04011434;Walle (Ortsteil);2022-12-31;50 - 65;479;231;303;149;147;65;29;17;1272;630
04011434;Walle (Ortsteil);2022-12-31;65 oder mehr;249;132;129;73;100;49;20;10;1155;637
04011434;Walle (Ortsteil);2022-12-31;Insgesamt;3250;1558;1837;870;1286;623;127;65;4572;2361
04011435;Osterfeuerberg (Ortsteil);2022-12-31;unter 6;225;112;75;37;139;68;11;7;106;60
04011435;Osterfeuerberg (Ortsteil);2022-12-31;6 - 15;236;126;76;41;151;83;9;2;170;77
04011435;Osterfeuerberg (Ortsteil);2022-12-31;15 - 18;77;34;29;11;47;22;1;1;47;21
04011435;Osterfeuerberg (Ortsteil);2022-12-31;18 - 25;196;77;135;45;57;29;4;3;224;108
04011435;Osterfeuerberg (Ortsteil);2022-12-31;25 - 30;216;91;169;70;44;19;3;2;212;100
04011435;Osterfeuerberg (Ortsteil);2022-12-31;30 - 50;652;261;452;178;163;66;37;17;808;405
04011435;Osterfeuerberg (Ortsteil);2022-12-31;50 - 65;283;122;190;82;84;35;9;5;868;426
04011435;Osterfeuerberg (Ortsteil);2022-12-31;65 oder mehr;119;62;73;42;29;14;17;6;683;358
04011435;Osterfeuerberg (Ortsteil);2022-12-31;Insgesamt;2004;885;1199;506;714;336;91;43;3118;1555
04011436;Hohweg (Ortsteil);2022-12-31;unter 6;8;4;3;1;5;3;0;0;4;3
04011436;Hohweg (Ortsteil);2022-12-31;6 - 15;12;7;2;2;10;5;0;0;6;3
04011436;Hohweg (Ortsteil);2022-12-31;15 - 18;5;0;2;0;3;0;0;0;1;0
04011436;Hohweg (Ortsteil);2022-12-31;18 - 25;8;4;6;4;2;0;0;0;20;2
04011436;Hohweg (Ortsteil);2022-12-31;25 - 30;7;3;5;1;2;2;0;0;7;4
04011436;Hohweg (Ortsteil);2022-12-31;30 - 50;21;9;19;8;2;1;0;0;20;12
04011436;Hohweg (Ortsteil);2022-12-31;50 - 65;15;7;11;4;2;1;2;2;74;34
04011436;Hohweg (Ortsteil);2022-12-31;65 oder mehr;7;3;2;1;3;1;2;1;103;62
04011436;Hohweg (Ortsteil);2022-12-31;Insgesamt;83;37;50;21;29;13;4;3;235;120
04011437;Überseestadt (Ortsteil);2022-12-31;unter 6;295;154;121;70;163;80;11;4;94;51
04011437;Überseestadt (Ortsteil);2022-12-31;6 - 15;286;142;122;65;151;70;13;7;48;18
04011437;Überseestadt (Ortsteil);2022-12-31;15 - 18;77;38;29;11;43;25;5;2;20;14
04011437;Überseestadt (Ortsteil);2022-12-31;18 - 25;215;86;134;45;71;35;10;6;252;122
04011437;Überseestadt (Ortsteil);2022-12-31;25 - 30;260;128;133;68;112;55;15;5;379;181
04011437;Überseestadt (Ortsteil);2022-12-31;30 - 50;729;381;415;231;262;122;52;28;815;331
04011437;Überseestadt (Ortsteil);2022-12-31;50 - 65;206;86;108;42;85;36;13;8;452;205
04011437;Überseestadt (Ortsteil);2022-12-31;65 oder mehr;65;35;31;17;25;11;9;7;303;155
04011437;Überseestadt (Ortsteil);2022-12-31;Insgesamt;2133;1050;1093;549;912;434;128;67;2363;1077
0401144;Gröpelingen (Stadtteil);2022-12-31;unter 6;2259;1107;1049;494;1176;596;34;17;413;210
0401144;Gröpelingen (Stadtteil);2022-12-31;6 - 15;3002;1438;1425;680;1521;732;56;26;660;302
0401144;Gröpelingen (Stadtteil);2022-12-31;15 - 18;1013;470;472;212;526;253;15;5;248;117
0401144;Gröpelingen (Stadtteil);2022-12-31;18 - 25;2253;967;1508;607;719;348;26;12;1076;539
0401144;Gröpelingen (Stadtteil);2022-12-31;25 - 30;1856;768;1443;574;387;183;26;11;705;335
0401144;Gröpelingen (Stadtteil);2022-12-31;30 - 50;6804;3060;5100;2294;1503;684;201;82;3185;1500
0401144;Gröpelingen (Stadtteil);2022-12-31;50 - 65;3188;1390;2207;984;820;326;161;80;3945;1943
0401144;Gröpelingen (Stadtteil);2022-12-31;65 oder mehr;1641;862;1081;589;411;189;149;84;4360;2468
0401144;Gröpelingen (Stadtteil);2022-12-31;Insgesamt;22016;10062;14285;6434;7063;3311;668;317;14592;7414
04011441;Lindenhof (Ortsteil);2022-12-31;unter 6;509;236;247;120;257;113;5;3;58;31
04011441;Lindenhof (Ortsteil);2022-12-31;6 - 15;699;339;359;174;332;161;8;4;116;49
04011441;Lindenhof (Ortsteil);2022-12-31;15 - 18;247;127;123;66;121;60;3;1;47;21
04011441;Lindenhof (Ortsteil);2022-12-31;18 - 25;573;248;390;154;177;91;6;3;230;106
04011441;Lindenhof (Ortsteil);2022-12-31;25 - 30;410;181;320;138;82;39;8;4;157;71
04011441;Lindenhof (Ortsteil);2022-12-31;30 - 50;1572;688;1236;534;301;144;35;10;635;278
04011441;Lindenhof (Ortsteil);2022-12-31;50 - 65;803;346;580;255;199;79;24;12;908;434
04011441;Lindenhof (Ortsteil);2022-12-31;65 oder mehr;422;226;305;168;84;40;33;18;995;561
04011441;Lindenhof (Ortsteil);2022-12-31;Insgesamt;5235;2391;3560;1609;1553;727;122;55;3146;1551
04011442;Gröpelingen (Ortsteil);2022-12-31;unter 6;706;357;320;152;378;202;8;3;102;52
04011442;Gröpelingen (Ortsteil);2022-12-31;6 - 15;804;401;358;178;432;215;14;8;152;67
04011442;Gröpelingen (Ortsteil);2022-12-31;15 - 18;242;105;99;44;139;61;4;0;57;28
04011442;Gröpelingen (Ortsteil);2022-12-31;18 - 25;573;253;383;166;182;84;8;3;269;148
04011442;Gröpelingen (Ortsteil);2022-12-31;25 - 30;530;224;423;168;101;52;6;4;181;94
04011442;Gröpelingen (Ortsteil);2022-12-31;30 - 50;1870;897;1422;664;412;211;36;22;712;357
04011442;Gröpelingen (Ortsteil);2022-12-31;50 - 65;799;380;568;278;196;82;35;20;978;506
04011442;Gröpelingen (Ortsteil);2022-12-31;65 oder mehr;414;219;288;158;95;42;31;19;1128;657
04011442;Gröpelingen (Ortsteil);2022-12-31;Insgesamt;5938;2836;3861;1808;1935;949;142;79;3579;1909
04011443;Ohlenhof (Ortsteil);2022-12-31;unter 6;590;282;292;125;289;153;9;4;95;45
04011443;Ohlenhof (Ortsteil);2022-12-31;6 - 15;846;388;425;188;411;196;10;4;150;63
04011443;Ohlenhof (Ortsteil);2022-12-31;15 - 18;275;129;137;63;136;65;2;1;52;30
04011443;Ohlenhof (Ortsteil);2022-12-31;18 - 25;647;279;434;169;212;110;1;0;255;116
04011443;Ohlenhof (Ortsteil);2022-12-31;25 - 30;543;202;435;156;106;46;2;0;136;62
04011443;Ohlenhof (Ortsteil);2022-12-31;30 - 50;1896;850;1436;663;423;172;37;15;787;379
04011443;Ohlenhof (Ortsteil);2022-12-31;50 - 65;957;392;695;297;228;81;34;14;930;449
04011443;Ohlenhof (Ortsteil);2022-12-31;65 oder mehr;461;230;327;173;104;36;30;21;943;513
04011443;Ohlenhof (Ortsteil);2022-12-31;Insgesamt;6215;2752;4181;1834;1909;859;125;59;3348;1657
04011444;In den Wischen (Ortsteil);2022-12-31;unter 6;0;0;0;0;0;0;0;0;0;0
04011444;In den Wischen (Ortsteil);2022-12-31;6 - 15;0;0;0;0;0;0;0;0;0;0
04011444;In den Wischen (Ortsteil);2022-12-31;15 - 18;0;0;0;0;0;0;0;0;0;0
04011444;In den Wischen (Ortsteil);2022-12-31;18 - 25;0;0;0;0;0;0;0;0;0;0
04011444;In den Wischen (Ortsteil);2022-12-31;25 - 30;0;0;0;0;0;0;0;0;1;1
04011444;In den Wischen (Ortsteil);2022-12-31;30 - 50;0;0;0;0;0;0;0;0;0;0
04011444;In den Wischen (Ortsteil);2022-12-31;50 - 65;0;0;0;0;0;0;0;0;0;0
04011444;In den Wischen (Ortsteil);2022-12-31;65 oder mehr;2;1;2;1;0;0;0;0;2;1
04011444;In den Wischen (Ortsteil);2022-12-31;Insgesamt;2;1;2;1;0;0;0;0;3;2
04011445;Oslebshausen (Ortsteil);2022-12-31;unter 6;454;232;190;97;252;128;12;7;158;82
04011445;Oslebshausen (Ortsteil);2022-12-31;6 - 15;653;310;283;140;346;160;24;10;242;123
04011445;Oslebshausen (Ortsteil);2022-12-31;15 - 18;249;109;113;39;130;67;6;3;92;38
04011445;Oslebshausen (Ortsteil);2022-12-31;18 - 25;460;187;301;118;148;63;11;6;322;169
04011445;Oslebshausen (Ortsteil);2022-12-31;25 - 30;373;161;265;112;98;46;10;3;230;107
04011445;Oslebshausen (Ortsteil);2022-12-31;30 - 50;1466;625;1006;433;367;157;93;35;1051;486
04011445;Oslebshausen (Ortsteil);2022-12-31;50 - 65;629;272;364;154;197;84;68;34;1129;554
04011445;Oslebshausen (Ortsteil);2022-12-31;65 oder mehr;342;186;159;89;128;71;55;26;1292;736
04011445;Oslebshausen (Ortsteil);2022-12-31;Insgesamt;4626;2082;2681;1182;1666;776;279;124;4516;2295
040115;Nord (Stadtbezirk);2022-12-31;unter 6;4759;2280;2205;1082;2226;1040;328;158;2188;1080
040115;Nord (Stadtbezirk);2022-12-31;6 - 15;6184;2976;3096;1490;2528;1213;560;273;3087;1526
040115;Nord (Stadtbezirk);2022-12-31;15 - 18;1929;918;881;415;843;409;205;94;1205;585
040115;Nord (Stadtbezirk);2022-12-31;18 - 25;4513;2039;3368;1472;1032;512;113;55;4198;2034
040115;Nord (Stadtbezirk);2022-12-31;25 - 30;2734;1265;1902;868;683;324;149;73;2904;1460
040115;Nord (Stadtbezirk);2022-12-31;30 - 50;11736;5904;7221;3728;3072;1467;1443;709;11973;5991
040115;Nord (Stadtbezirk);2022-12-31;50 - 65;5629;2823;2754;1348;1733;867;1142;608;16128;8118
040115;Nord (Stadtbezirk);2022-12-31;65 oder mehr;3742;2086;1510;844;1179;638;1053;604;19414;10991
040115;Nord (Stadtbezirk);2022-12-31;Insgesamt;41226;20291;22937;11247;13296;6470;4993;2574;61097;31785
0401151;Burglesum (Stadtteil);2022-12-31;unter 6;1251;610;469;232;663;318;119;60;762;371
0401151;Burglesum (Stadtteil);2022-12-31;6 - 15;1622;814;605;300;793;394;224;120;1084;493
0401151;Burglesum (Stadtteil);2022-12-31;15 - 18;492;232;152;69;269;136;71;27;395;186
0401151;Burglesum (Stadtteil);2022-12-31;18 - 25;1376;638;1022;464;311;158;43;16;1416;687
0401151;Burglesum (Stadtteil);2022-12-31;25 - 30;735;330;442;193;214;102;79;35;1064;552
0401151;Burglesum (Stadtteil);2022-12-31;30 - 50;3375;1720;1811;949;977;479;587;292;4282;2141
0401151;Burglesum (Stadtteil);2022-12-31;50 - 65;1707;874;722;366;525;273;460;235;5475;2771
0401151;Burglesum (Stadtteil);2022-12-31;65 oder mehr;1224;688;359;198;402;216;463;274;7173;4047
0401151;Burglesum (Stadtteil);2022-12-31;Insgesamt;11782;5906;5582;2771;4154;2076;2046;1059;21651;11248
04011511;Burg-Grambke (Ortsteil);2022-12-31;unter 6;237;115;86;41;137;70;14;4;145;71
04011511;Burg-Grambke (Ortsteil);2022-12-31;6 - 15;375;193;146;76;194;95;35;22;225;97
04011511;Burg-Grambke (Ortsteil);2022-12-31;15 - 18;125;57;36;16;75;36;14;5;77;37
04011511;Burg-Grambke (Ortsteil);2022-12-31;18 - 25;212;104;115;51;90;50;7;3;315;160
04011511;Burg-Grambke (Ortsteil);2022-12-31;25 - 30;143;61;76;32;59;27;8;2;211;114
04011511;Burg-Grambke (Ortsteil);2022-12-31;30 - 50;681;344;371;183;210;110;100;51;916;439
04011511;Burg-Grambke (Ortsteil);2022-12-31;50 - 65;365;176;150;75;120;56;95;45;1160;571
04011511;Burg-Grambke (Ortsteil);2022-12-31;65 oder mehr;221;115;80;41;74;36;67;38;1371;756
04011511;Burg-Grambke (Ortsteil);2022-12-31;Insgesamt;2359;1165;1060;515;959;480;340;170;4420;2245
04011512;Werderland (Ortsteil);2022-12-31;unter 6;1;1;0;0;1;1;0;0;7;5
04011512;Werderland (Ortsteil);2022-12-31;6 - 15;3;1;1;0;2;1;0;0;18;8
04011512;Werderland (Ortsteil);2022-12-31;15 - 18;0;0;0;0;0;0;0;0;10;5
04011512;Werderland (Ortsteil);2022-12-31;18 - 25;1;1;0;0;1;1;0;0;13;7
04011512;Werderland (Ortsteil);2022-12-31;25 - 30;1;0;0;0;1;0;0;0;10;4
04011512;Werderland (Ortsteil);2022-12-31;30 - 50;4;2;2;1;2;1;0;0;53;28
04011512;Werderland (Ortsteil);2022-12-31;50 - 65;6;4;1;1;3;2;2;1;109;54
04011512;Werderland (Ortsteil);2022-12-31;65 oder mehr;2;2;1;1;1;1;0;0;77;42
04011512;Werderland (Ortsteil);2022-12-31;Insgesamt;18;11;5;3;11;7;2;1;297;153
04011513;Burgdamm (Ortsteil);2022-12-31;unter 6;547;270;238;127;257;117;52;26;228;119
04011513;Burgdamm (Ortsteil);2022-12-31;6 - 15;702;334;279;134;327;150;96;50;273;120
04011513;Burgdamm (Ortsteil);2022-12-31;15 - 18;212;113;60;28;119;72;33;13;97;50
04011513;Burgdamm (Ortsteil);2022-12-31;18 - 25;367;176;223;109;120;59;24;8;390;180
04011513;Burgdamm (Ortsteil);2022-12-31;25 - 30;315;139;199;85;82;39;34;15;284;145
04011513;Burgdamm (Ortsteil);2022-12-31;30 - 50;1480;745;844;436;374;173;262;136;1084;534
04011513;Burgdamm (Ortsteil);2022-12-31;50 - 65;811;413;361;185;208;107;242;121;1393;693
04011513;Burgdamm (Ortsteil);2022-12-31;65 oder mehr;599;335;157;86;170;87;272;162;1772;993
04011513;Burgdamm (Ortsteil);2022-12-31;Insgesamt;5033;2525;2361;1190;1657;804;1015;531;5521;2834
04011514;Lesum (Ortsteil);2022-12-31;unter 6;297;142;113;55;158;70;26;17;240;110
04011514;Lesum (Ortsteil);2022-12-31;6 - 15;354;193;146;80;156;85;52;28;362;170
04011514;Lesum (Ortsteil);2022-12-31;15 - 18;87;37;30;15;45;17;12;5;115;47
04011514;Lesum (Ortsteil);2022-12-31;18 - 25;180;84;131;65;41;16;8;3;398;194
04011514;Lesum (Ortsteil);2022-12-31;25 - 30;174;82;105;50;45;22;24;10;339;179
04011514;Lesum (Ortsteil);2022-12-31;30 - 50;758;399;409;233;217;108;132;58;1364;698
04011514;Lesum (Ortsteil);2022-12-31;50 - 65;339;188;140;76;120;65;79;47;1679;877
04011514;Lesum (Ortsteil);2022-12-31;65 oder mehr;270;161;83;49;91;55;96;57;2293;1323
04011514;Lesum (Ortsteil);2022-12-31;Insgesamt;2459;1286;1157;623;873;438;429;225;6790;3598
04011515;St  Magnus (Ortsteil);2022-12-31;unter 6;169;82;32;9;110;60;27;13;142;66
04011515;St  Magnus (Ortsteil);2022-12-31;6 - 15;188;93;33;10;114;63;41;20;206;98
04011515;St  Magnus (Ortsteil);2022-12-31;15 - 18;68;25;26;10;30;11;12;4;96;47
04011515;St  Magnus (Ortsteil);2022-12-31;18 - 25;616;273;553;239;59;32;4;2;300;146
04011515;St  Magnus (Ortsteil);2022-12-31;25 - 30;102;48;62;26;27;14;13;8;220;110
04011515;St  Magnus (Ortsteil);2022-12-31;30 - 50;452;230;185;96;174;87;93;47;865;442
04011515;St  Magnus (Ortsteil);2022-12-31;50 - 65;186;93;70;29;74;43;42;21;1134;576
04011515;St  Magnus (Ortsteil);2022-12-31;65 oder mehr;132;75;38;21;66;37;28;17;1660;933
04011515;St  Magnus (Ortsteil);2022-12-31;Insgesamt;1913;919;999;440;654;347;260;132;4623;2418
0401152;Vegesack (Stadtteil);2022-12-31;unter 6;1713;807;878;431;746;337;89;39;715;353
0401152;Vegesack (Stadtteil);2022-12-31;6 - 15;2175;1051;1188;579;841;415;146;57;1042;536
0401152;Vegesack (Stadtteil);2022-12-31;15 - 18;705;332;364;169;279;135;62;28;401;204
0401152;Vegesack (Stadtteil);2022-12-31;18 - 25;2041;887;1626;682;376;182;39;23;1366;661
0401152;Vegesack (Stadtteil);2022-12-31;25 - 30;1131;492;872;363;226;112;33;17;921;459
0401152;Vegesack (Stadtteil);2022-12-31;30 - 50;4516;2211;3060;1492;1052;504;404;215;4021;2038
0401152;Vegesack (Stadtteil);2022-12-31;50 - 65;2035;1018;1106;545;616;308;313;165;5447;2762
0401152;Vegesack (Stadtteil);2022-12-31;65 oder mehr;1360;753;634;350;423;236;303;167;6734;3860
0401152;Vegesack (Stadtteil);2022-12-31;Insgesamt;15676;7551;9728;4611;4559;2229;1389;711;20647;10873
04011521;Vegesack (Ortsteil);2022-12-31;unter 6;218;112;101;55;107;50;10;7;111;47
04011521;Vegesack (Ortsteil);2022-12-31;6 - 15;306;135;135;59;137;59;34;17;153;84
04011521;Vegesack (Ortsteil);2022-12-31;15 - 18;111;41;51;20;43;14;17;7;80;45
04011521;Vegesack (Ortsteil);2022-12-31;18 - 25;190;81;133;48;51;27;6;6;249;117
04011521;Vegesack (Ortsteil);2022-12-31;25 - 30;163;74;106;46;49;22;8;6;214;105
04011521;Vegesack (Ortsteil);2022-12-31;30 - 50;694;345;396;187;220;114;78;44;776;391
04011521;Vegesack (Ortsteil);2022-12-31;50 - 65;391;194;202;91;134;72;55;31;1066;549
04011521;Vegesack (Ortsteil);2022-12-31;65 oder mehr;296;159;123;70;101;53;72;36;1570;927
04011521;Vegesack (Ortsteil);2022-12-31;Insgesamt;2369;1141;1247;576;842;411;280;154;4219;2265
04011522;Grohn (Ortsteil);2022-12-31;unter 6;450;213;285;144;155;67;10;2;103;56
04011522;Grohn (Ortsteil);2022-12-31;6 - 15;587;291;388;199;172;84;27;8;125;78
04011522;Grohn (Ortsteil);2022-12-31;15 - 18;184;94;130;60;49;31;5;3;51;25
04011522;Grohn (Ortsteil);2022-12-31;18 - 25;881;380;793;344;82;32;6;4;195;90
04011522;Grohn (Ortsteil);2022-12-31;25 - 30;201;95;163;75;38;20;0;0;100;54
04011522;Grohn (Ortsteil);2022-12-31;30 - 50;880;444;652;337;168;81;60;26;525;271
04011522;Grohn (Ortsteil);2022-12-31;50 - 65;353;189;213;109;85;46;55;34;774;381
04011522;Grohn (Ortsteil);2022-12-31;65 oder mehr;242;136;108;61;70;36;64;39;1010;563
04011522;Grohn (Ortsteil);2022-12-31;Insgesamt;3778;1842;2732;1329;819;397;227;116;2883;1518
04011523;Schönebeck (Ortsteil);2022-12-31;unter 6;163;69;42;21;101;37;20;11;155;79
04011523;Schönebeck (Ortsteil);2022-12-31;6 - 15;242;124;89;46;120;65;33;13;284;126
04011523;Schönebeck (Ortsteil);2022-12-31;15 - 18;92;45;26;11;45;24;21;10;97;45
04011523;Schönebeck (Ortsteil);2022-12-31;18 - 25;137;72;74;36;54;31;9;5;240;116
04011523;Schönebeck (Ortsteil);2022-12-31;25 - 30;102;51;67;31;28;16;7;4;143;65
04011523;Schönebeck (Ortsteil);2022-12-31;30 - 50;481;234;256;133;148;54;77;47;769;420
04011523;Schönebeck (Ortsteil);2022-12-31;50 - 65;216;114;79;42;81;40;56;32;977;511
04011523;Schönebeck (Ortsteil);2022-12-31;65 oder mehr;140;80;42;21;50;33;48;26;1191;667
04011523;Schönebeck (Ortsteil);2022-12-31;Insgesamt;1573;789;675;341;627;300;271;148;3856;2029
04011524;Aumund-Hammersbeck (Ortsteil);2022-12-31;unter 6;365;177;119;61;218;106;28;10;208;106
04011524;Aumund-Hammersbeck (Ortsteil);2022-12-31;6 - 15;400;204;141;70;229;121;30;13;283;149
04011524;Aumund-Hammersbeck (Ortsteil);2022-12-31;15 - 18;108;50;32;15;65;32;11;3;102;53
04011524;Aumund-Hammersbeck (Ortsteil);2022-12-31;18 - 25;232;119;123;63;101;51;8;5;371;194
04011524;Aumund-Hammersbeck (Ortsteil);2022-12-31;25 - 30;171;86;104;48;62;36;5;2;231;113
04011524;Aumund-Hammersbeck (Ortsteil);2022-12-31;30 - 50;871;466;501;269;272;145;98;52;1009;508
04011524;Aumund-Hammersbeck (Ortsteil);2022-12-31;50 - 65;444;227;203;110;170;84;71;33;1337;679
04011524;Aumund-Hammersbeck (Ortsteil);2022-12-31;65 oder mehr;300;159;154;84;83;44;63;31;1428;799
04011524;Aumund-Hammersbeck (Ortsteil);2022-12-31;Insgesamt;2891;1488;1377;720;1200;619;314;149;4969;2601
04011525;Fähr-Lobbendorf (Ortsteil);2022-12-31;unter 6;517;236;331;150;165;77;21;9;138;65
04011525;Fähr-Lobbendorf (Ortsteil);2022-12-31;6 - 15;640;297;435;205;183;86;22;6;197;99
04011525;Fähr-Lobbendorf (Ortsteil);2022-12-31;15 - 18;210;102;125;63;77;34;8;5;71;36
04011525;Fähr-Lobbendorf (Ortsteil);2022-12-31;18 - 25;601;235;503;191;88;41;10;3;311;144
04011525;Fähr-Lobbendorf (Ortsteil);2022-12-31;25 - 30;494;186;432;163;49;18;13;5;233;122
04011525;Fähr-Lobbendorf (Ortsteil);2022-12-31;30 - 50;1590;722;1255;566;244;110;91;46;942;448
04011525;Fähr-Lobbendorf (Ortsteil);2022-12-31;50 - 65;631;294;409;193;146;66;76;35;1293;642
04011525;Fähr-Lobbendorf (Ortsteil);2022-12-31;65 oder mehr;382;219;207;114;119;70;56;35;1535;904
04011525;Fähr-Lobbendorf (Ortsteil);2022-12-31;Insgesamt;5065;2291;3697;1645;1071;502;297;144;4720;2460
0401153;Blumenthal (Stadtteil);2022-12-31;unter 6;1795;863;858;419;817;385;120;59;711;356
0401153;Blumenthal (Stadtteil);2022-12-31;6 - 15;2387;1111;1303;611;894;404;190;96;961;497
0401153;Blumenthal (Stadtteil);2022-12-31;15 - 18;732;354;365;177;295;138;72;39;409;195
0401153;Blumenthal (Stadtteil);2022-12-31;18 - 25;1096;514;720;326;345;172;31;16;1416;686
0401153;Blumenthal (Stadtteil);2022-12-31;25 - 30;868;443;588;312;243;110;37;21;919;449
0401153;Blumenthal (Stadtteil);2022-12-31;30 - 50;3845;1973;2350;1287;1043;484;452;202;3670;1812
0401153;Blumenthal (Stadtteil);2022-12-31;50 - 65;1887;931;926;437;592;286;369;208;5206;2585
0401153;Blumenthal (Stadtteil);2022-12-31;65 oder mehr;1158;645;517;296;354;186;287;163;5507;3084
0401153;Blumenthal (Stadtteil);2022-12-31;Insgesamt;13768;6834;7627;3865;4583;2165;1558;804;18799;9664
04011531;Blumenthal (Ortsteil);2022-12-31;unter 6;731;352;405;200;294;133;32;19;163;80
04011531;Blumenthal (Ortsteil);2022-12-31;6 - 15;877;416;554;267;276;126;47;23;232;113
04011531;Blumenthal (Ortsteil);2022-12-31;15 - 18;296;156;157;84;119;59;20;13;92;45
04011531;Blumenthal (Ortsteil);2022-12-31;18 - 25;492;235;319;150;161;80;12;5;393;204
04011531;Blumenthal (Ortsteil);2022-12-31;25 - 30;401;212;281;155;111;52;9;5;268;123
04011531;Blumenthal (Ortsteil);2022-12-31;30 - 50;1514;747;1028;527;368;170;118;50;957;462
04011531;Blumenthal (Ortsteil);2022-12-31;50 - 65;686;319;384;174;201;88;101;57;1296;612
04011531;Blumenthal (Ortsteil);2022-12-31;65 oder mehr;417;239;228;130;106;63;83;46;1391;776
04011531;Blumenthal (Ortsteil);2022-12-31;Insgesamt;5414;2676;3356;1687;1636;771;422;218;4792;2415
04011532;Rönnebeck (Ortsteil);2022-12-31;unter 6;198;98;80;34;104;58;14;6;109;52
04011532;Rönnebeck (Ortsteil);2022-12-31;6 - 15;278;134;148;70;113;53;17;11;144;81
04011532;Rönnebeck (Ortsteil);2022-12-31;15 - 18;82;39;43;19;32;17;7;3;69;33
04011532;Rönnebeck (Ortsteil);2022-12-31;18 - 25;118;61;91;45;26;15;1;1;216;95
04011532;Rönnebeck (Ortsteil);2022-12-31;25 - 30;93;45;61;29;24;13;8;3;136;71
04011532;Rönnebeck (Ortsteil);2022-12-31;30 - 50;448;218;248;132;154;69;46;17;543;282
04011532;Rönnebeck (Ortsteil);2022-12-31;50 - 65;231;120;93;47;83;41;55;32;854;420
04011532;Rönnebeck (Ortsteil);2022-12-31;65 oder mehr;134;71;45;26;55;26;34;19;983;573
04011532;Rönnebeck (Ortsteil);2022-12-31;Insgesamt;1582;786;809;402;591;292;182;92;3054;1607
04011533;Lüssum-Bockhorn (Ortsteil);2022-12-31;unter 6;734;354;334;166;352;166;48;22;252;133
04011533;Lüssum-Bockhorn (Ortsteil);2022-12-31;6 - 15;1026;469;539;242;398;184;89;43;342;172
04011533;Lüssum-Bockhorn (Ortsteil);2022-12-31;15 - 18;289;132;140;63;114;51;35;18;148;71
04011533;Lüssum-Bockhorn (Ortsteil);2022-12-31;18 - 25;412;186;271;115;128;64;13;7;563;273
04011533;Lüssum-Bockhorn (Ortsteil);2022-12-31;25 - 30;323;161;215;111;94;42;14;8;357;170
04011533;Lüssum-Bockhorn (Ortsteil);2022-12-31;30 - 50;1534;834;911;539;410;198;213;97;1333;655
04011533;Lüssum-Bockhorn (Ortsteil);2022-12-31;50 - 65;768;381;363;172;244;119;161;90;1983;1025
04011533;Lüssum-Bockhorn (Ortsteil);2022-12-31;65 oder mehr;475;268;206;121;144;71;125;76;2005;1119
04011533;Lüssum-Bockhorn (Ortsteil);2022-12-31;Insgesamt;5561;2785;2979;1529;1884;895;698;361;6983;3618
04011534;Farge (Ortsteil);2022-12-31;unter 6;83;38;28;11;42;20;13;7;93;48
04011534;Farge (Ortsteil);2022-12-31;6 - 15;126;59;42;23;64;25;20;11;132;68
04011534;Farge (Ortsteil);2022-12-31;15 - 18;42;19;14;8;23;8;5;3;54;24
04011534;Farge (Ortsteil);2022-12-31;18 - 25;61;25;34;13;24;10;3;2;130;57
04011534;Farge (Ortsteil);2022-12-31;25 - 30;40;20;24;14;13;3;3;3;87;48
04011534;Farge (Ortsteil);2022-12-31;30 - 50;219;106;120;64;63;25;36;17;445;214
04011534;Farge (Ortsteil);2022-12-31;50 - 65;145;83;60;29;53;33;32;21;563;282
04011534;Farge (Ortsteil);2022-12-31;65 oder mehr;73;36;23;11;31;16;19;9;605;330
04011534;Farge (Ortsteil);2022-12-31;Insgesamt;789;386;345;173;313;140;131;73;2109;1071
04011535;Rekum (Ortsteil);2022-12-31;unter 6;49;21;11;8;25;8;13;5;94;43
04011535;Rekum (Ortsteil);2022-12-31;6 - 15;80;33;20;9;43;16;17;8;111;63
04011535;Rekum (Ortsteil);2022-12-31;15 - 18;23;8;11;3;7;3;5;2;46;22
04011535;Rekum (Ortsteil);2022-12-31;18 - 25;13;7;5;3;6;3;2;1;114;57
04011535;Rekum (Ortsteil);2022-12-31;25 - 30;11;5;7;3;1;0;3;2;71;37
04011535;Rekum (Ortsteil);2022-12-31;30 - 50;130;68;43;25;48;22;39;21;392;199
04011535;Rekum (Ortsteil);2022-12-31;50 - 65;57;28;26;15;11;5;20;8;510;246
04011535;Rekum (Ortsteil);2022-12-31;65 oder mehr;59;31;15;8;18;10;26;13;523;286
04011535;Rekum (Ortsteil);2022-12-31;Insgesamt;422;201;138;74;159;67;125;60;1861;953
